Consequence,Antecedant,ItemSetSupport
Lady Gaga,t.A.T.u.,82
Britney Spears,t.A.T.u.,71
Madonna,t.A.T.u.,66
Katy Perry,t.A.T.u.,62
Rihanna,t.A.T.u.,61
Avril Lavigne,t.A.T.u.,56
Christina Aguilera,t.A.T.u.,55
Beyonce,t.A.T.u.,53
Shakira,t.A.T.u.,49
Ke$ha,t.A.T.u.,48
P!nk,t.A.T.u.,44
Paramore,blink-182,67
Green Day,blink-182,64
Depeche Mode,a-ha,65
Duran Duran,a-ha,48
Pet Shop Boys,a-ha,42
Madonna,a-ha,42
The Cure,a-ha,41
Radiohead,Yeah Yeah Yeahs,67
The Killers,Yeah Yeah Yeahs,64
Arctic Monkeys,Yeah Yeah Yeahs,62
The Beatles,Yeah Yeah Yeahs,61
Muse,Yeah Yeah Yeahs,60
Franz Ferdinand,Yeah Yeah Yeahs,53
Radiohead,Yann Tiersen,38
The Beatles,Yann Tiersen,28
Evanescence,Within Temptation,56
Lady Gaga,Within Temptation,51
Nightwish,Within Temptation,48
Britney Spears,Within Temptation,47
Katy Perry,Within Temptation,40
The Beatles,Weezer,49
Radiohead,Weezer,46
Rihanna,Vanessa Hudgens,71
Britney Spears,Vanessa Hudgens,70
Christina Aguilera,Vanessa Hudgens,65
Katy Perry,Vanessa Hudgens,65
Lady Gaga,Vanessa Hudgens,64
Avril Lavigne,Vanessa Hudgens,62
Miley Cyrus,Vanessa Hudgens,61
Beyonce,Vanessa Hudgens,59
Ashley Tisdale,Vanessa Hudgens,58
Kelly Clarkson,Vanessa Hudgens,52
Ke$ha,Vanessa Hudgens,52
Hilary Duff,Vanessa Hudgens,47
Shakira,Vanessa Hudgens,47
The Pussycat Dolls,Vanessa Hudgens,46
P!nk,Vanessa Hudgens,46
Madonna,Vanessa Hudgens,44
Black Eyed Peas,Vanessa Hudgens,40
Mariah Carey,Vanessa Hudgens,39
Taylor Swift,Vanessa Hudgens,39
Kylie Minogue,Vanessa Hudgens,36
Paramore,Vanessa Hudgens,36
Selena Gomez & the Scene,Vanessa Hudgens,34
Jennifer Lopez,Vanessa Hudgens,34
Ashlee Simpson,Vanessa Hudgens,33
Lindsay Lohan,Vanessa Hudgens,32
Demi Lovato,Vanessa Hudgens,32
The Beatles,Vampire Weekend,42
Arctic Monkeys,Vampire Weekend,40
Radiohead,Vampire Weekend,39
The Killers,Vampire Weekend,34
Kings of Leon,Vampire Weekend,33
MGMT,Vampire Weekend,32
Coldplay,Vampire Weekend,32
Muse,Vampire Weekend,32
Rihanna,Usher,81
Britney Spears,Usher,71
Lady Gaga,Usher,71
Beyonce,Usher,67
Katy Perry,Usher,63
Christina Aguilera,Usher,62
Ke$ha,Usher,55
Black Eyed Peas,Usher,53
Mariah Carey,Usher,50
Shakira,Usher,50
Madonna,Usher,46
Miley Cyrus,Usher,44
Jennifer Lopez,Usher,42
Avril Lavigne,Usher,42
Chris Brown,Usher,40
Michael Jackson,Usher,40
P!nk,Usher,40
The Pussycat Dolls,Usher,37
The Beatles,U2,90
Coldplay,U2,86
Muse,U2,76
Radiohead,U2,75
Depeche Mode,U2,74
Radiohead,Travis,43
Coldplay,Travis,38
Muse,Travis,33
Oasis,Travis,31
The Beatles,Travis,31
The Killers,Travis,30
Radiohead,Tool,36
Metallica,Tool,34
Rihanna,Timbaland,86
Britney Spears,Timbaland,80
Lady Gaga,Timbaland,80
Beyonce,Timbaland,71
Katy Perry,Timbaland,68
Black Eyed Peas,Timbaland,67
Christina Aguilera,Timbaland,64
The Pussycat Dolls,Timbaland,59
Ke$ha,Timbaland,58
Shakira,Timbaland,56
Madonna,Timbaland,54
P!nk,Timbaland,53
Avril Lavigne,Timbaland,52
David Guetta,Timbaland,46
Jennifer Lopez,Timbaland,43
Justin Timberlake,Timbaland,42
Miley Cyrus,Timbaland,42
Linkin Park,Three Days Grace,45
Paramore,Three Days Grace,44
Breaking Benjamin,Three Days Grace,39
30 Seconds to Mars,Three Days Grace,36
Radiohead,The xx,42
The Beatles,The Who,72
Led Zeppelin,The Who,59
Pink Floyd,The Who,55
The Rolling Stones,The Who,44
The Doors,The Who,38
AC/DC,The Who,38
The Beatles,The White Stripes,69
Radiohead,The White Stripes,54
Arctic Monkeys,The White Stripes,51
The Killers,The White Stripes,46
The Strokes,The White Stripes,45
Britney Spears,The Veronicas,95
Lady Gaga,The Veronicas,93
Katy Perry,The Veronicas,92
Avril Lavigne,The Veronicas,87
Rihanna,The Veronicas,86
Paramore,The Veronicas,83
Christina Aguilera,The Veronicas,77
Ke$ha,The Veronicas,74
Miley Cyrus,The Veronicas,68
P!nk,The Veronicas,64
Kelly Clarkson,The Veronicas,62
Beyonce,The Veronicas,59
Taylor Swift,The Veronicas,57
Shakira,The Veronicas,54
Ashley Tisdale,The Veronicas,53
The Beatles,The Velvet Underground,42
Joy Division,The Velvet Underground,30
David Bowie,The Velvet Underground,28
Radiohead,The Velvet Underground,27
Paramore,The Used,41
My Chemical Romance,The Used,40
30 Seconds to Mars,The Used,32
Lady Gaga,The Ting Tings,54
Katy Perry,The Ting Tings,48
Paramore,The Ting Tings,42
Britney Spears,The Ting Tings,41
Lily Allen,The Ting Tings,37
Madonna,The Ting Tings,37
Rihanna,The Ting Tings,37
Beyonce,The Ting Tings,34
Ke$ha,The Ting Tings,32
Arctic Monkeys,The Strokes,120
The Beatles,The Strokes,115
Radiohead,The Strokes,104
The Killers,The Strokes,102
Muse,The Strokes,88
Franz Ferdinand,The Strokes,83
Kings of Leon,The Strokes,83
Coldplay,The Strokes,83
Oasis,The Strokes,81
The Beatles,The Smiths,87
Radiohead,The Smiths,82
The Cure,The Smiths,71
Joy Division,The Smiths,65
Radiohead,The Smashing Pumpkins,71
The Beatles,The Smashing Pumpkins,68
Muse,The Smashing Pumpkins,54
Britney Spears,The Saturdays,57
Rihanna,The Saturdays,56
Lady Gaga,The Saturdays,55
Christina Aguilera,The Saturdays,48
Katy Perry,The Saturdays,48
Beyonce,The Saturdays,43
Ke$ha,The Saturdays,39
Kelly Clarkson,The Saturdays,38
Kylie Minogue,The Saturdays,38
Miley Cyrus,The Saturdays,37
Cheryl Cole,The Saturdays,35
Avril Lavigne,The Saturdays,34
Madonna,The Saturdays,34
The Pussycat Dolls,The Saturdays,33
P!nk,The Saturdays,33
Jennifer Lopez,The Saturdays,31
Sugababes,The Saturdays,30
Mariah Carey,The Saturdays,30
Shakira,The Saturdays,30
Leona Lewis,The Saturdays,29
Glee Cast,The Saturdays,29
Taylor Swift,The Saturdays,28
Black Eyed Peas,The Saturdays,28
Girls Aloud,The Saturdays,26
Ashley Tisdale,The Saturdays,24
The Beatles,The Rolling Stones,96
Led Zeppelin,The Rolling Stones,67
Pink Floyd,The Rolling Stones,59
The Doors,The Rolling Stones,55
Queen,The Rolling Stones,54
Rihanna,The Pussycat Dolls,215
Britney Spears,The Pussycat Dolls,213
Lady Gaga,The Pussycat Dolls,201
Beyonce,The Pussycat Dolls,195
Christina Aguilera,The Pussycat Dolls,193
Katy Perry,The Pussycat Dolls,178
Madonna,The Pussycat Dolls,166
Shakira,The Pussycat Dolls,150
Avril Lavigne,The Pussycat Dolls,149
Ke$ha,The Pussycat Dolls,143
Black Eyed Peas,The Pussycat Dolls,141
Mariah Carey,The Pussycat Dolls,135
P!nk,The Pussycat Dolls,134
Jennifer Lopez,The Pussycat Dolls,128
Kylie Minogue,The Pussycat Dolls,127
Miley Cyrus,The Pussycat Dolls,124
Kelly Clarkson,The Pussycat Dolls,121
Ashley Tisdale,The Pussycat Dolls,102
Depeche Mode,The Prodigy,32
Katy Perry,The Pretty Reckless,100
Avril Lavigne,The Pretty Reckless,92
Lady Gaga,The Pretty Reckless,91
Britney Spears,The Pretty Reckless,89
Rihanna,The Pretty Reckless,86
Ke$ha,The Pretty Reckless,85
Paramore,The Pretty Reckless,82
Christina Aguilera,The Pretty Reckless,80
Miley Cyrus,The Pretty Reckless,67
P!nk,The Pretty Reckless,58
Beyonce,The Pretty Reckless,57
Glee Cast,The Pretty Reckless,56
Taylor Swift,The Pretty Reckless,54
Black Eyed Peas,The Pretty Reckless,52
Shakira,The Pretty Reckless,52
The Beatles,The Police,38
Depeche Mode,The Police,27
Pink Floyd,The Police,25
U2,The Police,24
Green Day,The Offspring,44
blink-182,The Offspring,35
Muse,The Offspring,35
Nirvana,The Offspring,34
The Beatles,The Libertines,38
Arctic Monkeys,The Libertines,37
The Strokes,The Libertines,31
Radiohead,The Libertines,31
The Kooks,The Libertines,30
Franz Ferdinand,The Libertines,27
The Killers,The Libertines,26
Oasis,The Libertines,25
Muse,The Libertines,25
Babyshambles,The Libertines,24
Arctic Monkeys,The Kooks,86
The Beatles,The Kooks,71
The Killers,The Kooks,70
The Strokes,The Kooks,66
Muse,The Kooks,59
Franz Ferdinand,The Kooks,58
Coldplay,The Kooks,58
Radiohead,The Kooks,57
Kings of Leon,The Kooks,56
Oasis,The Kooks,53
Muse,The Killers,156
Coldplay,The Killers,148
Radiohead,The Killers,125
The Beatles,The Killers,125
Coldplay,The Fray,44
Paramore,The Fray,37
The Killers,The Fray,34
Muse,The Fray,32
The Beatles,The Doors,88
Led Zeppelin,The Doors,76
Pink Floyd,The Doors,71
Nirvana,The Doors,59
Depeche Mode,The Cure,117
The Beatles,The Cure,103
Radiohead,The Cure,95
The Beatles,The Cranberries,31
Coldplay,The Cranberries,29
Radiohead,The Cranberries,29
The Beatles,The Clash,62
Radiohead,The Clash,37
Radiohead,The Beatles,193
Paramore,The All-American Rejects,51
Avril Lavigne,The All-American Rejects,38
Lady Gaga,The All-American Rejects,34
Katy Perry,The All-American Rejects,32
Katy Perry,Taylor Swift,198
Britney Spears,Taylor Swift,190
Lady Gaga,Taylor Swift,190
Rihanna,Taylor Swift,185
Avril Lavigne,Taylor Swift,175
Ke$ha,Taylor Swift,167
Miley Cyrus,Taylor Swift,161
Christina Aguilera,Taylor Swift,153
Paramore,Taylor Swift,137
Beyonce,Taylor Swift,135
Kelly Clarkson,Taylor Swift,131
Shakira,Taylor Swift,122
P!nk,Taylor Swift,119
Glee Cast,Taylor Swift,118
Madonna,Taylor Swift,105
Black Eyed Peas,Taylor Swift,103
Ashley Tisdale,Taylor Swift,100
Rihanna,Taio Cruz,65
Ke$ha,Taio Cruz,64
Lady Gaga,Taio Cruz,64
Britney Spears,Taio Cruz,60
Katy Perry,Taio Cruz,59
Beyonce,Taio Cruz,51
Miley Cyrus,Taio Cruz,48
Avril Lavigne,Taio Cruz,47
Black Eyed Peas,Taio Cruz,45
Christina Aguilera,Taio Cruz,45
Shakira,Taio Cruz,42
Madonna,Taio Cruz,41
Kylie Minogue,Taio Cruz,39
P!nk,Taio Cruz,39
Jennifer Lopez,Taio Cruz,34
Glee Cast,Taio Cruz,32
Ashley Tisdale,Taio Cruz,31
Cheryl Cole,Taio Cruz,30
David Guetta,Taio Cruz,30
Adam Lambert,Taio Cruz,29
Taylor Swift,Taio Cruz,29
Enrique Iglesias,Taio Cruz,28
Selena Gomez & the Scene,Taio Cruz,28
Eminem,Taio Cruz,28
The Pussycat Dolls,Taio Cruz,28
Paramore,Taio Cruz,28
Rihanna,T.I.,45
Britney Spears,T.I.,41
Lady Gaga,T.I.,41
Katy Perry,T.I.,37
Beyonce,T.I.,36
Christina Aguilera,T.I.,36
Black Eyed Peas,T.I.,35
Ke$ha,T.I.,32
P!nk,T.I.,31
Madonna,T.I.,28
The Pussycat Dolls,T.I.,27
Eminem,T.I.,26
Mariah Carey,T.I.,26
Kelly Clarkson,T.I.,26
Leona Lewis,T.I.,25
Shakira,T.I.,25
Usher,T.I.,24
Kanye West,T.I.,24
Avril Lavigne,T.I.,24
Timbaland,T.I.,23
Justin Timberlake,T.I.,23
Miley Cyrus,T.I.,23
Paramore,Sum 41,44
Linkin Park,Sum 41,43
Green Day,Sum 41,42
blink-182,Sum 41,38
Rihanna,Sugababes,71
Christina Aguilera,Sugababes,68
Britney Spears,Sugababes,68
Lady Gaga,Sugababes,66
Beyonce,Sugababes,61
Madonna,Sugababes,59
Katy Perry,Sugababes,53
Kylie Minogue,Sugababes,52
Ke$ha,Sugababes,49
The Pussycat Dolls,Sugababes,48
Kelly Clarkson,Sugababes,46
Mariah Carey,Sugababes,45
Jennifer Lopez,Sugababes,44
P!nk,Sugababes,44
Leona Lewis,Sugababes,42
Shakira,Sugababes,41
Black Eyed Peas,Sugababes,40
Avril Lavigne,Sugababes,40
Nelly Furtado,Sugababes,37
Miley Cyrus,Sugababes,34
Girls Aloud,Sugababes,33
Hilary Duff,Sugababes,33
Lily Allen,Sugababes,33
Radiohead,Sufjan Stevens,42
Death Cab for Cutie,Sufjan Stevens,30
The Beatles,Sufjan Stevens,30
Arcade Fire,Sufjan Stevens,27
Britney Spears,Spice Girls,54
Madonna,Spice Girls,48
Rihanna,Spice Girls,47
Lady Gaga,Spice Girls,47
Beyonce,Spice Girls,43
Kylie Minogue,Spice Girls,42
Christina Aguilera,Spice Girls,42
Mariah Carey,Spice Girls,38
The Pussycat Dolls,Spice Girls,37
Katy Perry,Spice Girls,37
Shakira,Spice Girls,35
Avril Lavigne,Spice Girls,31
Backstreet Boys,Spice Girls,30
P!nk,Spice Girls,30
Black Eyed Peas,Spice Girls,29
Ke$ha,Spice Girls,26
Jennifer Lopez,Spice Girls,25
Kelly Clarkson,Spice Girls,25
Britney Spears,Sophie Ellis-Bextor,50
Kylie Minogue,Sophie Ellis-Bextor,49
Lady Gaga,Sophie Ellis-Bextor,49
Madonna,Sophie Ellis-Bextor,47
Rihanna,Sophie Ellis-Bextor,46
Christina Aguilera,Sophie Ellis-Bextor,42
Shakira,Sophie Ellis-Bextor,40
Beyonce,Sophie Ellis-Bextor,40
Katy Perry,Sophie Ellis-Bextor,38
Lily Allen,Sophie Ellis-Bextor,30
P!nk,Sophie Ellis-Bextor,30
Nelly Furtado,Sophie Ellis-Bextor,28
The Pussycat Dolls,Sophie Ellis-Bextor,28
Black Eyed Peas,Sophie Ellis-Bextor,28
Ke$ha,Sophie Ellis-Bextor,28
Radiohead,Sonic Youth,36
Joy Division,Sonic Youth,29
The Beatles,Sonic Youth,26
Coldplay,Snow Patrol,72
The Killers,Snow Patrol,59
Muse,Snow Patrol,56
Radiohead,Snow Patrol,53
Kings of Leon,Snow Patrol,46
System of a Down,Slipknot,54
Linkin Park,Slipknot,47
Metallica,Slipknot,46
Iron Maiden,Slayer,53
Metallica,Slayer,51
Megadeth,Slayer,44
Black Sabbath,Slayer,40
Motorhead,Slayer,38
Judas Priest,Slayer,33
Paramore,Simple Plan,59
Avril Lavigne,Simple Plan,50
Green Day,Simple Plan,45
Katy Perry,Simple Plan,44
Lady Gaga,Simple Plan,44
Linkin Park,Simple Plan,42
Britney Spears,Simple Plan,37
Rihanna,Simple Plan,36
Evanescence,Simple Plan,35
Radiohead,Sigur Ros,107
The Beatles,Sigur Ros,69
Britney Spears,Shakira,270
Rihanna,Shakira,262
Lady Gaga,Shakira,262
Christina Aguilera,Shakira,244
Katy Perry,Shakira,240
Beyonce,Shakira,224
Madonna,Shakira,203
Ke$ha,Shakira,197
Avril Lavigne,Shakira,195
Black Eyed Peas,Shakira,186
P!nk,Shakira,181
Kylie Minogue,Shakira,171
Miley Cyrus,Shakira,164
The Pussycat Dolls,Shakira,150
Jennifer Lopez,Shakira,147
Mariah Carey,Shakira,147
Kelly Clarkson,Shakira,138
Katy Perry,Selena Gomez & the Scene,130
Britney Spears,Selena Gomez & the Scene,129
Rihanna,Selena Gomez & the Scene,127
Ke$ha,Selena Gomez & the Scene,126
Miley Cyrus,Selena Gomez & the Scene,124
Lady Gaga,Selena Gomez & the Scene,121
Christina Aguilera,Selena Gomez & the Scene,111
Avril Lavigne,Selena Gomez & the Scene,106
Taylor Swift,Selena Gomez & the Scene,92
Beyonce,Selena Gomez & the Scene,88
Ashley Tisdale,Selena Gomez & the Scene,84
Shakira,Selena Gomez & the Scene,83
Demi Lovato,Selena Gomez & the Scene,82
Paramore,Selena Gomez & the Scene,81
Glee Cast,Selena Gomez & the Scene,79
P!nk,Selena Gomez & the Scene,76
Kelly Clarkson,Selena Gomez & the Scene,73
Black Eyed Peas,Selena Gomez & the Scene,72
Madonna,Selena Gomez & the Scene,65
Hilary Duff,Selena Gomez & the Scene,63
Kylie Minogue,Selena Gomez & the Scene,62
Adam Lambert,Selena Gomez & the Scene,58
Guns N' Roses,Scorpions,39
AC/DC,Scorpions,37
Iron Maiden,Scorpions,35
Black Sabbath,Scorpions,34
Queen,Scorpions,33
Metallica,Scorpions,33
Led Zeppelin,Scorpions,32
Pink Floyd,Scorpions,31
The Beatles,Scorpions,31
Depeche Mode,Royksopp,29
Coldplay,Royksopp,29
Lady Gaga,Robyn,65
Rihanna,Robyn,62
Britney Spears,Robyn,61
Kylie Minogue,Robyn,56
Christina Aguilera,Robyn,54
Katy Perry,Robyn,53
Madonna,Robyn,52
Beyonce,Robyn,48
Ke$ha,Robyn,44
Avril Lavigne,Robyn,39
P!nk,Robyn,38
Black Eyed Peas,Robyn,36
Shakira,Robyn,35
Lady Gaga,Robbie Williams,46
Madonna,Robbie Williams,39
Rihanna,Robbie Williams,35
Britney Spears,Robbie Williams,34
Michael Jackson,Robbie Williams,33
Paramore,Rise Against,35
Linkin Park,Rise Against,33
Lady Gaga,Rihanna,414
Britney Spears,Rihanna,413
Katy Perry,Rihanna,358
Christina Aguilera,Rihanna,350
Beyonce,Rihanna,348
Ke$ha,Rihanna,300
Avril Lavigne,Rihanna,283
Madonna,Rihanna,277
Shakira,Rihanna,262
Black Eyed Peas,Rihanna,254
P!nk,Rihanna,242
Miley Cyrus,Rihanna,240
Kylie Minogue,Rihanna,237
The Pussycat Dolls,Rihanna,215
Kelly Clarkson,Rihanna,209
Mariah Carey,Rihanna,204
Jennifer Lopez,Rihanna,194
Radiohead,Regina Spektor,41
The Beatles,Red Hot Chili Peppers,102
The Beatles,Ramones,55
Nirvana,Ramones,45
Nirvana,Rage Against the Machine,35
Metallica,Rage Against the Machine,33
System of a Down,Rage Against the Machine,29
The Beatles,Radiohead,193
Muse,Radiohead,171
Britney Spears,RBD,63
Rihanna,RBD,62
Lady Gaga,RBD,59
Christina Aguilera,RBD,55
Avril Lavigne,RBD,55
Katy Perry,RBD,55
Beyonce,RBD,54
Shakira,RBD,48
Miley Cyrus,RBD,46
Ke$ha,RBD,43
Paramore,RBD,42
Anahi,RBD,40
Black Eyed Peas,RBD,39
P!nk,RBD,39
Madonna,RBD,39
The Pussycat Dolls,RBD,36
Ashley Tisdale,RBD,35
Glee Cast,RBD,35
Mariah Carey,RBD,33
Kylie Minogue,RBD,32
Jennifer Lopez,RBD,30
Taylor Swift,RBD,30
The Beatles,R.E.M.,48
Radiohead,R.E.M.,47
U2,R.E.M.,43
Radiohead,Queens of the Stone Age,62
The Beatles,Queens of the Stone Age,60
Muse,Queens of the Stone Age,48
Arctic Monkeys,Queens of the Stone Age,47
The Beatles,Queen,109
Pink Floyd,Queen,87
Radiohead,Portishead,64
Bjork,Portishead,43
Pink Floyd,Porcupine Tree,40
Opeth,Porcupine Tree,34
The Beatles,Porcupine Tree,29
Muse,Placebo,127
Radiohead,Placebo,118
Radiohead,Pixies,45
The Beatles,Pixies,43
The Smiths,Pixies,31
Nirvana,Pixies,31
Katy Perry,Pixie Lott,104
Rihanna,Pixie Lott,104
Britney Spears,Pixie Lott,103
Lady Gaga,Pixie Lott,101
Ke$ha,Pixie Lott,98
Christina Aguilera,Pixie Lott,96
Avril Lavigne,Pixie Lott,91
Beyonce,Pixie Lott,81
Miley Cyrus,Pixie Lott,79
P!nk,Pixie Lott,70
Black Eyed Peas,Pixie Lott,68
Ashley Tisdale,Pixie Lott,67
Taylor Swift,Pixie Lott,66
Shakira,Pixie Lott,66
Paramore,Pixie Lott,66
Glee Cast,Pixie Lott,62
Kelly Clarkson,Pixie Lott,62
Madonna,Pixie Lott,60
The Pussycat Dolls,Pixie Lott,59
Selena Gomez & the Scene,Pixie Lott,56
Kylie Minogue,Pixie Lott,56
Jennifer Lopez,Pixie Lott,53
Mariah Carey,Pixie Lott,49
Lily Allen,Pixie Lott,49
Cheryl Cole,Pixie Lott,48
Avril Lavigne,Pitty,67
Lady Gaga,Pitty,66
Britney Spears,Pitty,64
Katy Perry,Pitty,63
Beyonce,Pitty,59
Rihanna,Pitty,57
Paramore,Pitty,54
Christina Aguilera,Pitty,51
Madonna,Pitty,50
Shakira,Pitty,48
P!nk,Pitty,45
Miley Cyrus,Pitty,44
Ke$ha,Pitty,44
Black Eyed Peas,Pitty,43
Evanescence,Pitty,42
The Beatles,Pink Floyd,156
Led Zeppelin,Pink Floyd,117
The Beatles,Phoenix,37
The Killers,Phoenix,33
Arctic Monkeys,Phoenix,32
Radiohead,Phoenix,31
The Strokes,Phoenix,29
MGMT,Phoenix,28
Kings of Leon,Phoenix,28
Depeche Mode,Pet Shop Boys,68
Duran Duran,Pet Shop Boys,49
a-ha,Pet Shop Boys,42
Madonna,Pet Shop Boys,42
Erasure,Pet Shop Boys,41
The Cure,Pet Shop Boys,38
The Beatles,Pearl Jam,60
Nirvana,Pearl Jam,58
Radiohead,Pearl Jam,55
Metallica,Pearl Jam,50
Lady Gaga,Paramore,222
Katy Perry,Paramore,220
Avril Lavigne,Paramore,218
Britney Spears,Paramore,205
Rihanna,Paramore,189
Ke$ha,Paramore,172
Linkin Park,Papa Roach,37
Paramore,Papa Roach,37
Three Days Grace,Papa Roach,34
Metallica,Pantera,49
Megadeth,Pantera,41
Iron Maiden,Pantera,40
Slayer,Pantera,32
Paramore,Panic! At the Disco,89
Lady Gaga,Panic! At the Disco,76
Avril Lavigne,Panic! At the Disco,72
Fall Out Boy,Panic! At the Disco,70
Katy Perry,Panic! At the Disco,68
Britney Spears,Panic! At the Disco,60
Lady Gaga,P!nk,248
Rihanna,P!nk,242
Katy Perry,P!nk,241
Britney Spears,P!nk,241
Christina Aguilera,P!nk,228
Beyonce,P!nk,210
Avril Lavigne,P!nk,200
Ke$ha,P!nk,191
Shakira,P!nk,181
Madonna,P!nk,177
Black Eyed Peas,P!nk,168
Kelly Clarkson,P!nk,160
Miley Cyrus,P!nk,153
Kylie Minogue,P!nk,150
Mariah Carey,P!nk,138
The Pussycat Dolls,P!nk,134
Paramore,P!nk,124
Jennifer Lopez,P!nk,123
Iron Maiden,Ozzy Osbourne,45
Black Sabbath,Ozzy Osbourne,43
AC/DC,Ozzy Osbourne,43
Led Zeppelin,Ozzy Osbourne,41
Metallica,Ozzy Osbourne,40
Guns N' Roses,Ozzy Osbourne,37
Megadeth,Ozzy Osbourne,36
Judas Priest,Ozzy Osbourne,30
Motorhead,Ozzy Osbourne,29
KISS,Ozzy Osbourne,29
Pink Floyd,Ozzy Osbourne,29
The Beatles,Ozzy Osbourne,29
Deep Purple,Ozzy Osbourne,28
Katy Perry,Owl City,51
Lady Gaga,Owl City,49
Avril Lavigne,Owl City,47
Ke$ha,Owl City,46
Paramore,Owl City,45
Britney Spears,Owl City,43
Rihanna,Owl City,40
Taylor Swift,Owl City,39
Glee Cast,Owl City,37
Miley Cyrus,Owl City,36
Pink Floyd,Opeth,35
Porcupine Tree,Opeth,34
Dream Theater,Opeth,32
Iron Maiden,Opeth,28
Katy Perry,OneRepublic,55
Lady Gaga,OneRepublic,52
Rihanna,OneRepublic,48
Avril Lavigne,OneRepublic,47
Britney Spears,OneRepublic,46
Ke$ha,OneRepublic,40
Christina Aguilera,OneRepublic,35
Miley Cyrus,OneRepublic,34
Paramore,OneRepublic,34
Kelly Clarkson,OneRepublic,33
Beyonce,OneRepublic,33
The Beatles,Oasis,120
Radiohead,Oasis,104
Coldplay,Oasis,100
The Killers,Oasis,98
Arctic Monkeys,Oasis,94
Muse,Oasis,92
Lady Gaga,No Doubt,35
Madonna,No Doubt,34
Britney Spears,No Doubt,31
Katy Perry,No Doubt,29
Kylie Minogue,No Doubt,28
Christina Aguilera,No Doubt,28
Rihanna,No Doubt,28
Gwen Stefani,No Doubt,27
P!nk,No Doubt,27
The Beatles,Nirvana,119
Radiohead,Nine Inch Nails,62
Depeche Mode,Nine Inch Nails,56
Within Temptation,Nightwish,48
Evanescence,Nightwish,42
Rihanna,Nicole Scherzinger,102
Britney Spears,Nicole Scherzinger,98
Lady Gaga,Nicole Scherzinger,95
Christina Aguilera,Nicole Scherzinger,92
Beyonce,Nicole Scherzinger,87
Katy Perry,Nicole Scherzinger,87
Ke$ha,Nicole Scherzinger,82
Avril Lavigne,Nicole Scherzinger,77
Jennifer Lopez,Nicole Scherzinger,74
Shakira,Nicole Scherzinger,73
Black Eyed Peas,Nicole Scherzinger,71
Madonna,Nicole Scherzinger,71
Miley Cyrus,Nicole Scherzinger,69
The Pussycat Dolls,Nicole Scherzinger,67
Kylie Minogue,Nicole Scherzinger,65
P!nk,Nicole Scherzinger,63
Mariah Carey,Nicole Scherzinger,57
Kelly Clarkson,Nicole Scherzinger,51
Ashley Tisdale,Nicole Scherzinger,48
Glee Cast,Nicole Scherzinger,48
Cheryl Cole,Nicole Scherzinger,46
Taylor Swift,Nicole Scherzinger,46
Rihanna,Nicki Minaj,78
Lady Gaga,Nicki Minaj,76
Britney Spears,Nicki Minaj,75
Katy Perry,Nicki Minaj,74
Ke$ha,Nicki Minaj,73
Christina Aguilera,Nicki Minaj,69
Beyonce,Nicki Minaj,59
P!nk,Nicki Minaj,56
Miley Cyrus,Nicki Minaj,53
Black Eyed Peas,Nicki Minaj,52
Shakira,Nicki Minaj,50
Avril Lavigne,Nicki Minaj,50
Jennifer Lopez,Nicki Minaj,43
Madonna,Nicki Minaj,41
Mariah Carey,Nicki Minaj,40
Kylie Minogue,Nicki Minaj,39
Glee Cast,Nicki Minaj,38
Taylor Swift,Nicki Minaj,37
Kelly Clarkson,Nicki Minaj,37
Paramore,Nicki Minaj,37
Paramore,Nickelback,50
Linkin Park,Nickelback,48
Evanescence,Nickelback,47
Britney Spears,Nickelback,46
Lady Gaga,Nickelback,46
Avril Lavigne,Nickelback,45
Depeche Mode,New Order,79
The Cure,New Order,59
Duran Duran,New Order,45
David Bowie,New Order,44
Radiohead,New Order,44
The Smiths,New Order,43
Rihanna,Nelly Furtado,142
Britney Spears,Nelly Furtado,134
Beyonce,Nelly Furtado,128
Lady Gaga,Nelly Furtado,128
Christina Aguilera,Nelly Furtado,125
Madonna,Nelly Furtado,116
Katy Perry,Nelly Furtado,106
Shakira,Nelly Furtado,105
Kylie Minogue,Nelly Furtado,101
P!nk,Nelly Furtado,100
Ke$ha,Nelly Furtado,88
Black Eyed Peas,Nelly Furtado,87
Avril Lavigne,Nelly Furtado,87
Jennifer Lopez,Nelly Furtado,83
The Pussycat Dolls,Nelly Furtado,80
Mariah Carey,Nelly Furtado,79
Kelly Clarkson,Nelly Furtado,78
Gwen Stefani,Nelly Furtado,70
Christina Aguilera,Natasha Bedingfield,73
Rihanna,Natasha Bedingfield,70
Britney Spears,Natasha Bedingfield,70
Kelly Clarkson,Natasha Bedingfield,66
Katy Perry,Natasha Bedingfield,66
Lady Gaga,Natasha Bedingfield,65
Beyonce,Natasha Bedingfield,63
Avril Lavigne,Natasha Bedingfield,59
P!nk,Natasha Bedingfield,55
Mariah Carey,Natasha Bedingfield,53
Shakira,Natasha Bedingfield,53
Kylie Minogue,Natasha Bedingfield,50
Leona Lewis,Natasha Bedingfield,49
The Pussycat Dolls,Natasha Bedingfield,49
Madonna,Natasha Bedingfield,49
Ke$ha,Natasha Bedingfield,46
Miley Cyrus,Natasha Bedingfield,45
Jennifer Lopez,Natasha Bedingfield,43
Taylor Swift,Natasha Bedingfield,39
Hilary Duff,Natasha Bedingfield,38
Ashlee Simpson,Natasha Bedingfield,37
Ashley Tisdale,Natasha Bedingfield,37
Black Eyed Peas,Natasha Bedingfield,37
Nelly Furtado,Natasha Bedingfield,35
Paramore,My Chemical Romance,96
Avril Lavigne,My Chemical Romance,75
Lady Gaga,My Chemical Romance,67
Green Day,My Chemical Romance,64
30 Seconds to Mars,My Chemical Romance,63
Radiohead,Muse,171
The Beatles,Muse,162
Coldplay,Muse,160
Iron Maiden,Motorhead,52
Black Sabbath,Motorhead,46
AC/DC,Motorhead,46
Metallica,Motorhead,46
Megadeth,Motorhead,42
Slayer,Motorhead,38
Led Zeppelin,Motorhead,38
Judas Priest,Motorhead,37
KISS,Motorhead,32
Deep Purple,Motorhead,31
Guns N' Roses,Motorhead,31
Ozzy Osbourne,Motorhead,29
The Smiths,Morrissey,43
The Cure,Morrissey,36
Depeche Mode,Morrissey,31
David Bowie,Morrissey,28
Radiohead,Morrissey,25
The Beatles,Morrissey,24
Radiohead,Modest Mouse,31
The Beatles,Modest Mouse,28
Death Cab for Cutie,Modest Mouse,24
Coldplay,Moby,40
Depeche Mode,Moby,39
Radiohead,Moby,37
Britney Spears,Miley Cyrus,255
Katy Perry,Miley Cyrus,245
Lady Gaga,Miley Cyrus,243
Rihanna,Miley Cyrus,240
Ke$ha,Miley Cyrus,220
Avril Lavigne,Miley Cyrus,209
Christina Aguilera,Miley Cyrus,204
Beyonce,Miley Cyrus,179
Shakira,Miley Cyrus,164
Taylor Swift,Miley Cyrus,161
Paramore,Miley Cyrus,159
P!nk,Miley Cyrus,153
Black Eyed Peas,Miley Cyrus,149
Kelly Clarkson,Miley Cyrus,147
Ashley Tisdale,Miley Cyrus,141
Madonna,Miley Cyrus,140
Glee Cast,Miley Cyrus,132
Selena Gomez & the Scene,Miley Cyrus,124
The Pussycat Dolls,Miley Cyrus,124
Kylie Minogue,Miley Cyrus,124
Mariah Carey,Miley Cyrus,120
Lady Gaga,Mika,72
Britney Spears,Mika,59
Madonna,Mika,56
Katy Perry,Mika,54
Rihanna,Mika,50
Beyonce,Mika,45
Christina Aguilera,Mika,45
Kylie Minogue,Mika,43
Lily Allen,Mika,42
Shakira,Mika,39
Avril Lavigne,Mika,39
Lady Gaga,Michael Jackson,153
Madonna,Michael Jackson,152
Britney Spears,Michael Jackson,136
Rihanna,Michael Jackson,135
Beyonce,Michael Jackson,126
Christina Aguilera,Michael Jackson,115
Katy Perry,Michael Jackson,112
Iron Maiden,Metallica,98
AC/DC,Metallica,91
The Beatles,Metallica,90
Iron Maiden,Megadeth,75
Metallica,Megadeth,69
Black Sabbath,Megadeth,55
AC/DC,Megadeth,55
Judas Priest,Megadeth,48
Led Zeppelin,Megadeth,46
Slayer,Megadeth,44
Motorhead,Megadeth,42
Avril Lavigne,McFly,50
Paramore,McFly,48
Katy Perry,McFly,46
Britney Spears,McFly,45
Lady Gaga,McFly,44
Ke$ha,McFly,40
Glee Cast,McFly,37
Rihanna,McFly,35
Miley Cyrus,McFly,34
Christina Aguilera,McFly,32
3OH!3,McFly,29
Green Day,McFly,29
Taylor Swift,McFly,29
Madonna,McFly,28
Radiohead,Massive Attack,56
Depeche Mode,Massive Attack,52
Lady Gaga,Maroon 5,89
Britney Spears,Maroon 5,79
Rihanna,Maroon 5,76
Katy Perry,Maroon 5,74
Avril Lavigne,Maroon 5,63
Beyonce,Maroon 5,61
Paramore,Maroon 5,60
Madonna,Maroon 5,60
Lady Gaga,Marina & the Diamonds,46
Katy Perry,Marina & the Diamonds,39
Britney Spears,Marina & the Diamonds,37
Florence + the Machine,Marina & the Diamonds,35
Rihanna,Marina & the Diamonds,35
Ke$ha,Marina & the Diamonds,32
Christina Aguilera,Marina & the Diamonds,31
Lily Allen,Marina & the Diamonds,29
Kylie Minogue,Marina & the Diamonds,29
Ellie Goulding,Marina & the Diamonds,25
Miley Cyrus,Marina & the Diamonds,25
Britney Spears,Mariah Carey,208
Rihanna,Mariah Carey,204
Lady Gaga,Mariah Carey,194
Christina Aguilera,Mariah Carey,190
Beyonce,Mariah Carey,188
Katy Perry,Mariah Carey,171
Madonna,Mariah Carey,163
Shakira,Mariah Carey,147
Avril Lavigne,Mariah Carey,143
P!nk,Mariah Carey,138
Kylie Minogue,Mariah Carey,136
The Pussycat Dolls,Mariah Carey,135
Ke$ha,Mariah Carey,134
Kelly Clarkson,Mariah Carey,126
Jennifer Lopez,Mariah Carey,124
Black Eyed Peas,Mariah Carey,124
Miley Cyrus,Mariah Carey,120
Leona Lewis,Mariah Carey,110
Taylor Swift,Mariah Carey,98
Britney Spears,Madonna,310
Lady Gaga,Madonna,310
Rihanna,Madonna,277
Christina Aguilera,Madonna,267
Beyonce,Madonna,262
Katy Perry,Madonna,243
Kylie Minogue,Madonna,230
Shakira,Madonna,203
Ke$ha,Madonna,196
Avril Lavigne,Madonna,192
Black Eyed Peas,Madonna,187
P!nk,Madonna,177
Arctic Monkeys,MGMT,76
The Killers,MGMT,75
Radiohead,MGMT,70
Muse,MGMT,69
The Beatles,MGMT,66
Lady Gaga,MGMT,62
Kings of Leon,MGMT,58
Lady Gaga,M.I.A.,54
Rihanna,M.I.A.,49
Madonna,M.I.A.,45
Christina Aguilera,M.I.A.,43
Britney Spears,M.I.A.,41
Beyonce,M.I.A.,40
Kylie Minogue,M.I.A.,39
Katy Perry,M.I.A.,38
Ke$ha,M.I.A.,34
Shakira,M.I.A.,33
The Beatles,Los Hermanos,64
The Strokes,Los Hermanos,52
Radiohead,Los Hermanos,51
Arctic Monkeys,Los Hermanos,50
Coldplay,Los Hermanos,42
The Killers,Los Hermanos,41
Lady Gaga,Little Boots,54
Rihanna,Little Boots,47
Britney Spears,Little Boots,46
Kylie Minogue,Little Boots,40
Katy Perry,Little Boots,40
Ke$ha,Little Boots,38
Christina Aguilera,Little Boots,35
Lily Allen,Little Boots,34
Beyonce,Little Boots,33
Madonna,Little Boots,33
Avril Lavigne,Little Boots,30
Black Eyed Peas,Little Boots,29
Shakira,Little Boots,29
Miley Cyrus,Little Boots,28
Paramore,Linkin Park,121
Lady Gaga,Linkin Park,113
Britney Spears,Lindsay Lohan,118
Christina Aguilera,Lindsay Lohan,113
Rihanna,Lindsay Lohan,113
Lady Gaga,Lindsay Lohan,101
Katy Perry,Lindsay Lohan,99
Avril Lavigne,Lindsay Lohan,97
Beyonce,Lindsay Lohan,93
Madonna,Lindsay Lohan,87
Miley Cyrus,Lindsay Lohan,86
Shakira,Lindsay Lohan,80
Ke$ha,Lindsay Lohan,80
Kylie Minogue,Lindsay Lohan,77
P!nk,Lindsay Lohan,77
Hilary Duff,Lindsay Lohan,76
Kelly Clarkson,Lindsay Lohan,76
The Pussycat Dolls,Lindsay Lohan,74
Ashley Tisdale,Lindsay Lohan,68
Mariah Carey,Lindsay Lohan,67
Jennifer Lopez,Lindsay Lohan,66
Black Eyed Peas,Lindsay Lohan,60
Taylor Swift,Lindsay Lohan,58
Glee Cast,Lindsay Lohan,56
Ashlee Simpson,Lindsay Lohan,53
Paramore,Lindsay Lohan,51
Lady Gaga,Lily Allen,171
Katy Perry,Lily Allen,155
Britney Spears,Lily Allen,152
Rihanna,Lily Allen,140
Christina Aguilera,Lily Allen,133
Beyonce,Lily Allen,127
Madonna,Lily Allen,126
Avril Lavigne,Lily Allen,120
Ke$ha,Lily Allen,110
Kylie Minogue,Lily Allen,109
Shakira,Lily Allen,105
P!nk,Lily Allen,104
Black Eyed Peas,Lily Allen,98
Katy Perry,Lifehouse,33
Avril Lavigne,Lifehouse,32
Paramore,Lifehouse,30
Britney Spears,Lifehouse,30
Rihanna,Leona Lewis,142
Britney Spears,Leona Lewis,135
Christina Aguilera,Leona Lewis,131
Lady Gaga,Leona Lewis,131
Beyonce,Leona Lewis,128
Katy Perry,Leona Lewis,118
Mariah Carey,Leona Lewis,110
Kelly Clarkson,Leona Lewis,109
Madonna,Leona Lewis,101
P!nk,Leona Lewis,98
Shakira,Leona Lewis,95
Avril Lavigne,Leona Lewis,95
Ke$ha,Leona Lewis,90
The Pussycat Dolls,Leona Lewis,88
Kylie Minogue,Leona Lewis,86
Jennifer Lopez,Leona Lewis,83
Black Eyed Peas,Leona Lewis,79
Miley Cyrus,Leona Lewis,78
Taylor Swift,Leona Lewis,74
Alicia Keys,Leona Lewis,70
Ashley Tisdale,Leona Lewis,66
Katy Perry,Leighton Meester,52
Rihanna,Leighton Meester,52
Ke$ha,Leighton Meester,51
Britney Spears,Leighton Meester,51
Lady Gaga,Leighton Meester,48
Christina Aguilera,Leighton Meester,44
Avril Lavigne,Leighton Meester,44
Miley Cyrus,Leighton Meester,39
Shakira,Leighton Meester,38
Beyonce,Leighton Meester,38
Glee Cast,Leighton Meester,36
Black Eyed Peas,Leighton Meester,36
Paramore,Leighton Meester,33
Selena Gomez & the Scene,Leighton Meester,32
Taylor Swift,Leighton Meester,32
Ashley Tisdale,Leighton Meester,31
P!nk,Leighton Meester,31
The Pretty Reckless,Leighton Meester,28
3OH!3,Leighton Meester,28
Kylie Minogue,Leighton Meester,27
Madonna,Leighton Meester,27
Jennifer Lopez,Leighton Meester,26
Kelly Clarkson,Leighton Meester,26
Demi Lovato,Leighton Meester,24
Adam Lambert,Leighton Meester,24
Pixie Lott,Leighton Meester,23
Cheryl Cole,Leighton Meester,23
Hilary Duff,Leighton Meester,23
The Beatles,Legiao Urbana,33
Paramore,Legiao Urbana,30
The Beatles,Led Zeppelin,125
Pink Floyd,Led Zeppelin,117
AC/DC,Led Zeppelin,94
Metallica,Led Zeppelin,82
Britney Spears,Lady Gaga,436
Rihanna,Lady Gaga,414
Katy Perry,Lady Gaga,396
Christina Aguilera,Lady Gaga,345
Beyonce,Lady Gaga,338
Ke$ha,Lady Gaga,310
Madonna,Lady Gaga,310
Avril Lavigne,Lady Gaga,299
Shakira,Lady Gaga,262
Black Eyed Peas,Lady Gaga,259
P!nk,Lady Gaga,248
Lady Gaga,La Roux,59
Katy Perry,La Roux,47
Rihanna,La Roux,46
Lily Allen,La Roux,44
Britney Spears,La Roux,44
Christina Aguilera,La Roux,43
Black Eyed Peas,La Roux,40
Ke$ha,La Roux,40
Beyonce,La Roux,39
Madonna,La Roux,38
Kylie Minogue,La Roux,36
Britney Spears,Kylie Minogue,249
Lady Gaga,Kylie Minogue,241
Rihanna,Kylie Minogue,237
Madonna,Kylie Minogue,230
Christina Aguilera,Kylie Minogue,228
Beyonce,Kylie Minogue,207
Katy Perry,Kylie Minogue,201
Shakira,Kylie Minogue,171
Ke$ha,Kylie Minogue,165
Avril Lavigne,Kylie Minogue,162
Black Eyed Peas,Kylie Minogue,150
P!nk,Kylie Minogue,150
Jennifer Lopez,Kylie Minogue,141
Mariah Carey,Kylie Minogue,136
The Pussycat Dolls,Kylie Minogue,127
Miley Cyrus,Kylie Minogue,124
Kelly Clarkson,Kylie Minogue,121
System of a Down,Korn,46
Arctic Monkeys,Klaxons,49
Muse,Klaxons,41
The Killers,Klaxons,37
Radiohead,Klaxons,36
The Strokes,Klaxons,34
Franz Ferdinand,Klaxons,33
The Beatles,Klaxons,32
The Killers,Kings of Leon,114
Muse,Kings of Leon,112
Coldplay,Kings of Leon,107
Radiohead,Kings of Leon,99
The Beatles,Kings of Leon,99
Arctic Monkeys,Kings of Leon,96
Britney Spears,Kerli,58
Katy Perry,Kerli,54
Lady Gaga,Kerli,54
Ke$ha,Kerli,52
Christina Aguilera,Kerli,52
Rihanna,Kerli,51
Avril Lavigne,Kerli,49
Paramore,Kerli,42
Miley Cyrus,Kerli,41
P!nk,Kerli,36
Adam Lambert,Kerli,35
Kylie Minogue,Kerli,35
Beyonce,Kerli,34
Shakira,Kerli,33
Madonna,Kerli,32
Glee Cast,Kerli,31
Black Eyed Peas,Kerli,31
Evanescence,Kerli,30
The Pretty Reckless,Kerli,29
Ashley Tisdale,Kerli,29
Rihanna,Keri Hilson,68
Lady Gaga,Keri Hilson,63
Britney Spears,Keri Hilson,61
Beyonce,Keri Hilson,58
Christina Aguilera,Keri Hilson,57
Katy Perry,Keri Hilson,51
Ke$ha,Keri Hilson,48
Mariah Carey,Keri Hilson,47
Jennifer Lopez,Keri Hilson,44
P!nk,Keri Hilson,42
The Pussycat Dolls,Keri Hilson,41
Shakira,Keri Hilson,41
Black Eyed Peas,Keri Hilson,40
Madonna,Keri Hilson,40
Ciara,Keri Hilson,38
Kylie Minogue,Keri Hilson,34
Avril Lavigne,Keri Hilson,34
Kelly Clarkson,Keri Hilson,32
Alicia Keys,Keri Hilson,31
Miley Cyrus,Keri Hilson,31
Rihanna,Kelly Rowland,62
Beyonce,Kelly Rowland,58
Christina Aguilera,Kelly Rowland,55
Britney Spears,Kelly Rowland,52
Lady Gaga,Kelly Rowland,50
Mariah Carey,Kelly Rowland,47
Katy Perry,Kelly Rowland,46
Jennifer Lopez,Kelly Rowland,42
Shakira,Kelly Rowland,42
Madonna,Kelly Rowland,42
The Pussycat Dolls,Kelly Rowland,41
Black Eyed Peas,Kelly Rowland,36
P!nk,Kelly Rowland,36
Avril Lavigne,Kelly Rowland,36
Ciara,Kelly Rowland,34
Ke$ha,Kelly Rowland,34
Kylie Minogue,Kelly Rowland,33
Leona Lewis,Kelly Rowland,32
Alicia Keys,Kelly Rowland,30
Nicole Scherzinger,Kelly Rowland,29
Miley Cyrus,Kelly Rowland,27
Destiny's Child,Kelly Rowland,26
Nelly Furtado,Kelly Rowland,25
Britney Spears,Kelly Clarkson,220
Rihanna,Kelly Clarkson,209
Lady Gaga,Kelly Clarkson,205
Christina Aguilera,Kelly Clarkson,194
Katy Perry,Kelly Clarkson,194
Avril Lavigne,Kelly Clarkson,176
Beyonce,Kelly Clarkson,167
P!nk,Kelly Clarkson,160
Ke$ha,Kelly Clarkson,150
Miley Cyrus,Kelly Clarkson,147
Madonna,Kelly Clarkson,140
Shakira,Kelly Clarkson,138
Taylor Swift,Kelly Clarkson,131
Mariah Carey,Kelly Clarkson,126
The Pussycat Dolls,Kelly Clarkson,121
Kylie Minogue,Kelly Clarkson,121
Black Eyed Peas,Kelly Clarkson,117
Paramore,Kelly Clarkson,117
Leona Lewis,Kelly Clarkson,109
Ashley Tisdale,Kelly Clarkson,105
Coldplay,Keane,88
The Killers,Keane,70
Muse,Keane,65
Radiohead,Keane,60
Katy Perry,Ke$ha,313
Lady Gaga,Ke$ha,310
Britney Spears,Ke$ha,304
Rihanna,Ke$ha,300
Christina Aguilera,Ke$ha,256
Avril Lavigne,Ke$ha,236
Beyonce,Ke$ha,224
Miley Cyrus,Ke$ha,220
Shakira,Ke$ha,197
Madonna,Ke$ha,196
Black Eyed Peas,Ke$ha,195
P!nk,Ke$ha,191
Paramore,Ke$ha,172
Taylor Swift,Ke$ha,167
Kylie Minogue,Ke$ha,165
Glee Cast,Ke$ha,152
Kelly Clarkson,Ke$ha,150
Lady Gaga,Katy Perry,396
Britney Spears,Katy Perry,380
Rihanna,Katy Perry,358
Christina Aguilera,Katy Perry,316
Ke$ha,Katy Perry,313
Avril Lavigne,Katy Perry,298
Beyonce,Katy Perry,297
Miley Cyrus,Katy Perry,245
Madonna,Katy Perry,243
P!nk,Katy Perry,241
Shakira,Katy Perry,240
Black Eyed Peas,Katy Perry,235
Paramore,Katy Perry,220
Kylie Minogue,Katy Perry,201
Taylor Swift,Katy Perry,198
Kelly Clarkson,Katy Perry,194
Glee Cast,Katy Perry,193
Lady Gaga,Kate Nash,43
Lily Allen,Kate Nash,35
Arctic Monkeys,Kasabian,50
Radiohead,Kasabian,48
The Killers,Kasabian,47
Muse,Kasabian,46
Franz Ferdinand,Kasabian,42
Kings of Leon,Kasabian,41
The Strokes,Kasabian,40
Coldplay,Kasabian,40
The Beatles,Kasabian,39
Oasis,Kasabian,38
Lady Gaga,Kanye West,76
Rihanna,Kanye West,72
Beyonce,Kanye West,70
Britney Spears,Kanye West,66
Christina Aguilera,Kanye West,58
Katy Perry,Kanye West,56
Madonna,Kanye West,55
The Killers,Kaiser Chiefs,48
Arctic Monkeys,Kaiser Chiefs,42
Muse,Kaiser Chiefs,42
Franz Ferdinand,Kaiser Chiefs,40
Coldplay,Kaiser Chiefs,37
The Strokes,Kaiser Chiefs,36
Radiohead,Kaiser Chiefs,33
The Beatles,Kaiser Chiefs,32
The Kooks,Kaiser Chiefs,31
Iron Maiden,KISS,50
Black Sabbath,KISS,44
AC/DC,KISS,43
Metallica,KISS,40
The Beatles,KISS,40
Led Zeppelin,KISS,39
Guns N' Roses,KISS,35
Queen,KISS,34
Megadeth,KISS,33
Pink Floyd,KISS,33
Lady Gaga,Justin Timberlake,111
Rihanna,Justin Timberlake,110
Britney Spears,Justin Timberlake,110
Madonna,Justin Timberlake,101
Beyonce,Justin Timberlake,99
Christina Aguilera,Justin Timberlake,99
Katy Perry,Justin Timberlake,92
Black Eyed Peas,Justin Timberlake,86
Avril Lavigne,Justin Timberlake,77
Shakira,Justin Timberlake,76
The Pussycat Dolls,Justin Timberlake,73
Ke$ha,Justin Timberlake,73
P!nk,Justin Timberlake,71
Kylie Minogue,Justin Timberlake,69
Mariah Carey,Justin Timberlake,61
Kelly Clarkson,Justin Timberlake,60
Jennifer Lopez,Justin Timberlake,56
Katy Perry,Justin Bieber,91
Rihanna,Justin Bieber,86
Britney Spears,Justin Bieber,86
Lady Gaga,Justin Bieber,86
Ke$ha,Justin Bieber,84
Miley Cyrus,Justin Bieber,79
Avril Lavigne,Justin Bieber,77
Beyonce,Justin Bieber,68
Christina Aguilera,Justin Bieber,66
Taylor Swift,Justin Bieber,62
Black Eyed Peas,Justin Bieber,60
Paramore,Justin Bieber,57
Shakira,Justin Bieber,56
P!nk,Justin Bieber,51
Glee Cast,Justin Bieber,49
Selena Gomez & the Scene,Justin Bieber,47
Ashley Tisdale,Justin Bieber,46
3OH!3,Justin Bieber,40
Kelly Clarkson,Justin Bieber,40
Iron Maiden,Judas Priest,65
Black Sabbath,Judas Priest,56
Metallica,Judas Priest,54
AC/DC,Judas Priest,49
Megadeth,Judas Priest,48
Led Zeppelin,Judas Priest,44
Deep Purple,Judas Priest,41
Pink Floyd,Judas Priest,38
Motorhead,Judas Priest,37
Queen,Judas Priest,36
Radiohead,Joy Division,72
The Cure,Joy Division,66
The Smiths,Joy Division,65
The Beatles,Joy Division,63
Depeche Mode,Joy Division,60
Rihanna,Jordin Sparks,82
Britney Spears,Jordin Sparks,77
Christina Aguilera,Jordin Sparks,73
Katy Perry,Jordin Sparks,73
Lady Gaga,Jordin Sparks,73
Beyonce,Jordin Sparks,69
Kelly Clarkson,Jordin Sparks,63
Ke$ha,Jordin Sparks,61
P!nk,Jordin Sparks,60
Leona Lewis,Jordin Sparks,58
Avril Lavigne,Jordin Sparks,57
Mariah Carey,Jordin Sparks,54
Miley Cyrus,Jordin Sparks,54
The Pussycat Dolls,Jordin Sparks,52
Madonna,Jordin Sparks,52
Shakira,Jordin Sparks,51
Ashley Tisdale,Jordin Sparks,46
Black Eyed Peas,Jordin Sparks,45
Jennifer Lopez,Jordin Sparks,44
Taylor Swift,Jordin Sparks,44
Hilary Duff,Jordin Sparks,43
Kylie Minogue,Jordin Sparks,39
Glee Cast,Jordin Sparks,36
Katy Perry,Jonas Brothers,66
Lady Gaga,Jonas Brothers,63
Rihanna,Jonas Brothers,61
Miley Cyrus,Jonas Brothers,60
Avril Lavigne,Jonas Brothers,60
Britney Spears,Jonas Brothers,58
Demi Lovato,Jonas Brothers,50
Paramore,Jonas Brothers,50
Ke$ha,Jonas Brothers,49
Taylor Swift,Jonas Brothers,47
Beyonce,Jonas Brothers,45
Christina Aguilera,Jonas Brothers,45
Ashley Tisdale,Jonas Brothers,41
Selena Gomez & the Scene,Jonas Brothers,38
Shakira,Jonas Brothers,38
Kelly Clarkson,Jonas Brothers,36
Glee Cast,Jonas Brothers,34
The Beatles,Johnny Cash,40
The Beatles,John Lennon,58
Pink Floyd,John Lennon,33
Queen,John Lennon,31
Led Zeppelin,John Lennon,29
The Rolling Stones,John Lennon,27
The Doors,John Lennon,27
Bob Dylan,John Lennon,26
Rihanna,JoJo,54
Christina Aguilera,JoJo,52
Britney Spears,JoJo,51
Lady Gaga,JoJo,49
Katy Perry,JoJo,43
Beyonce,JoJo,42
Jennifer Lopez,JoJo,39
Kelly Clarkson,JoJo,39
Avril Lavigne,JoJo,38
Mariah Carey,JoJo,37
Miley Cyrus,JoJo,34
P!nk,JoJo,34
Kylie Minogue,JoJo,33
Shakira,JoJo,33
Ke$ha,JoJo,33
Hilary Duff,JoJo,32
The Pussycat Dolls,JoJo,32
Madonna,JoJo,32
Leona Lewis,JoJo,31
Ashley Tisdale,JoJo,30
Taylor Swift,JoJo,30
Nelly Furtado,JoJo,26
Ashlee Simpson,JoJo,24
Pink Floyd,Jimi Hendrix,42
The Beatles,Jimi Hendrix,41
Led Zeppelin,Jimi Hendrix,38
The Doors,Jimi Hendrix,34
The Rolling Stones,Jimi Hendrix,28
Rihanna,Jessie J,67
Katy Perry,Jessie J,66
Britney Spears,Jessie J,66
Ke$ha,Jessie J,63
Lady Gaga,Jessie J,61
Christina Aguilera,Jessie J,60
Beyonce,Jessie J,59
Avril Lavigne,Jessie J,54
P!nk,Jessie J,52
Shakira,Jessie J,52
Black Eyed Peas,Jessie J,51
Miley Cyrus,Jessie J,50
Jennifer Lopez,Jessie J,44
Glee Cast,Jessie J,41
Paramore,Jessie J,41
Kylie Minogue,Jessie J,38
Taylor Swift,Jessie J,37
Adam Lambert,Jessie J,33
Madonna,Jessie J,33
Nicole Scherzinger,Jessie J,32
Cheryl Cole,Jessie J,31
Selena Gomez & the Scene,Jessie J,31
Eminem,Jessie J,31
Mariah Carey,Jessie J,30
Nicki Minaj,Jessie J,29
Pixie Lott,Jessie J,29
The Pussycat Dolls,Jessie J,29
Kelly Clarkson,Jessie J,29
3OH!3,Jessie J,28
Britney Spears,Jessica Simpson,57
Rihanna,Jessica Simpson,52
Christina Aguilera,Jessica Simpson,51
Lady Gaga,Jessica Simpson,48
Beyonce,Jessica Simpson,45
Mariah Carey,Jessica Simpson,41
Madonna,Jessica Simpson,41
Kelly Clarkson,Jessica Simpson,40
Katy Perry,Jessica Simpson,40
Hilary Duff,Jessica Simpson,39
Jennifer Lopez,Jessica Simpson,39
The Pussycat Dolls,Jessica Simpson,39
Avril Lavigne,Jessica Simpson,39
Ashlee Simpson,Jessica Simpson,34
Leona Lewis,Jessica Simpson,34
Miley Cyrus,Jessica Simpson,34
Kylie Minogue,Jessica Simpson,33
Shakira,Jessica Simpson,33
P!nk,Jessica Simpson,32
Ke$ha,Jessica Simpson,32
Ashley Tisdale,Jessica Simpson,30
Lindsay Lohan,Jessica Simpson,29
Nelly Furtado,Jessica Simpson,29
Taylor Swift,Jessica Simpson,28
Alicia Keys,Jessica Simpson,27
Rihanna,Jennifer Lopez,194
Britney Spears,Jennifer Lopez,188
Lady Gaga,Jennifer Lopez,181
Christina Aguilera,Jennifer Lopez,176
Beyonce,Jennifer Lopez,170
Katy Perry,Jennifer Lopez,157
Madonna,Jennifer Lopez,152
Shakira,Jennifer Lopez,147
Kylie Minogue,Jennifer Lopez,141
Ke$ha,Jennifer Lopez,135
Avril Lavigne,Jennifer Lopez,135
The Pussycat Dolls,Jennifer Lopez,128
Mariah Carey,Jennifer Lopez,124
Black Eyed Peas,Jennifer Lopez,123
P!nk,Jennifer Lopez,123
Miley Cyrus,Jennifer Lopez,109
Kelly Clarkson,Jennifer Lopez,103
Ashley Tisdale,Jennifer Lopez,89
Hilary Duff,Jennifer Lopez,88
Rihanna,Jay-Z,44
Lady Gaga,Jay-Z,41
Kanye West,Jay-Z,40
Eminem,Jay-Z,40
Beyonce,Jay-Z,39
Katy Perry,Jay-Z,37
Black Eyed Peas,Jay-Z,34
Katy Perry,Jason Mraz,33
Lady Gaga,Jason Mraz,32
Britney Spears,Jason Mraz,28
Rihanna,Jason Mraz,26
Ke$ha,Jason Mraz,25
Beyonce,Jason Mraz,24
Madonna,Janet Jackson,76
Rihanna,Janet Jackson,75
Beyonce,Janet Jackson,74
Britney Spears,Janet Jackson,73
Christina Aguilera,Janet Jackson,72
Lady Gaga,Janet Jackson,69
Mariah Carey,Janet Jackson,66
Kylie Minogue,Janet Jackson,64
The Pussycat Dolls,Janet Jackson,57
Jennifer Lopez,Janet Jackson,55
Michael Jackson,Janet Jackson,54
Katy Perry,Janet Jackson,52
Shakira,Janet Jackson,51
P!nk,Janet Jackson,46
Nelly Furtado,Janet Jackson,43
Black Eyed Peas,Janet Jackson,43
Ke$ha,Janet Jackson,43
Leona Lewis,Janet Jackson,41
Kelly Clarkson,Janet Jackson,41
Gwen Stefani,Janet Jackson,39
Ciara,Janet Jackson,37
Coldplay,James Blunt,34
Lady Gaga,James Blunt,27
Coldplay,Jack Johnson,31
The Beatles,Jack Johnson,31
Metallica,Iron Maiden,98
Black Sabbath,Iron Maiden,81
AC/DC,Iron Maiden,78
Megadeth,Iron Maiden,75
Pink Floyd,Iron Maiden,75
Radiohead,Interpol,78
The Beatles,Interpol,66
The Killers,Interpol,65
Arctic Monkeys,Interpol,61
Coldplay,Interpol,58
Kings of Leon,Interpol,57
Muse,Interpol,56
The Strokes,Interpol,53
Franz Ferdinand,Interpol,52
Radiohead,Incubus,41
Muse,Incubus,41
Metallica,In Flames,30
Depeche Mode,IAMX,39
Placebo,IAMX,36
Muse,IAMX,32
Lady Gaga,Hurts,47
Rihanna,Hurts,36
Christina Aguilera,Hurts,34
Madonna,Hurts,33
Beyonce,Hurts,31
Britney Spears,Hurts,31
Katy Perry,Hurts,30
Depeche Mode,Hurts,28
Britney Spears,Hilary Duff,149
Rihanna,Hilary Duff,143
Lady Gaga,Hilary Duff,138
Christina Aguilera,Hilary Duff,136
Katy Perry,Hilary Duff,132
Avril Lavigne,Hilary Duff,118
Ke$ha,Hilary Duff,110
Miley Cyrus,Hilary Duff,109
Beyonce,Hilary Duff,109
Madonna,Hilary Duff,105
Shakira,Hilary Duff,101
Ashley Tisdale,Hilary Duff,100
Kelly Clarkson,Hilary Duff,99
Kylie Minogue,Hilary Duff,91
The Pussycat Dolls,Hilary Duff,89
Jennifer Lopez,Hilary Duff,88
P!nk,Hilary Duff,88
Taylor Swift,Hilary Duff,83
Mariah Carey,Hilary Duff,80
Black Eyed Peas,Hilary Duff,79
Lindsay Lohan,Hilary Duff,76
Paramore,Hilary Duff,71
Britney Spears,Gwen Stefani,122
Rihanna,Gwen Stefani,121
Lady Gaga,Gwen Stefani,121
Christina Aguilera,Gwen Stefani,117
Beyonce,Gwen Stefani,110
Madonna,Gwen Stefani,108
Katy Perry,Gwen Stefani,103
Kylie Minogue,Gwen Stefani,89
P!nk,Gwen Stefani,88
Shakira,Gwen Stefani,87
The Pussycat Dolls,Gwen Stefani,85
Black Eyed Peas,Gwen Stefani,85
Avril Lavigne,Gwen Stefani,84
Ke$ha,Gwen Stefani,79
Mariah Carey,Gwen Stefani,76
Kelly Clarkson,Gwen Stefani,75
Jennifer Lopez,Gwen Stefani,74
Nelly Furtado,Gwen Stefani,70
Lily Allen,Gwen Stefani,61
Miley Cyrus,Gwen Stefani,61
AC/DC,Guns N' Roses,79
Metallica,Guns N' Roses,76
The Beatles,Guns N' Roses,74
Nirvana,Guns N' Roses,72
Led Zeppelin,Guns N' Roses,68
Paramore,Green Day,110
Radiohead,Gorillaz,55
The Beatles,Gorillaz,53
Coldplay,Gorillaz,51
Paramore,Good Charlotte,60
Avril Lavigne,Good Charlotte,46
My Chemical Romance,Good Charlotte,40
Linkin Park,Good Charlotte,40
Green Day,Good Charlotte,38
Lady Gaga,Goldfrapp,39
Madonna,Goldfrapp,37
Lady Gaga,Glee Cast,198
Britney Spears,Glee Cast,195
Katy Perry,Glee Cast,193
Rihanna,Glee Cast,180
Christina Aguilera,Glee Cast,160
Avril Lavigne,Glee Cast,153
Ke$ha,Glee Cast,152
Beyonce,Glee Cast,135
Miley Cyrus,Glee Cast,132
Madonna,Glee Cast,128
Black Eyed Peas,Glee Cast,127
Shakira,Glee Cast,121
Taylor Swift,Glee Cast,118
Paramore,Glee Cast,118
P!nk,Glee Cast,115
Kylie Minogue,Glee Cast,103
Kelly Clarkson,Glee Cast,100
Britney Spears,Girls Aloud,59
Lady Gaga,Girls Aloud,58
Rihanna,Girls Aloud,57
Kylie Minogue,Girls Aloud,52
Christina Aguilera,Girls Aloud,48
Madonna,Girls Aloud,45
Beyonce,Girls Aloud,41
Kelly Clarkson,Girls Aloud,37
Katy Perry,Girls Aloud,37
Sugababes,Girls Aloud,33
The Pussycat Dolls,Girls Aloud,32
P!nk,Girls Aloud,32
Shakira,Girls Aloud,32
Jennifer Lopez,Girls Aloud,30
Mariah Carey,Girls Aloud,29
Avril Lavigne,Girls Aloud,28
Nelly Furtado,Girls Aloud,27
Miley Cyrus,Girls Aloud,27
Ke$ha,Girls Aloud,27
Depeche Mode,Garbage,40
Placebo,Garbage,38
Paramore,Fresno,44
Avril Lavigne,Fresno,41
Katy Perry,Fresno,36
Britney Spears,Fresno,33
Lady Gaga,Fresno,33
Rihanna,Fresno,30
Arctic Monkeys,Franz Ferdinand,99
The Killers,Franz Ferdinand,96
Radiohead,Franz Ferdinand,96
The Beatles,Franz Ferdinand,95
Muse,Franz Ferdinand,92
The Strokes,Franz Ferdinand,83
Coldplay,Franz Ferdinand,80
The Beatles,Foo Fighters,73
Nirvana,Foo Fighters,66
Paramore,Flyleaf,49
Evanescence,Flyleaf,36
Avril Lavigne,Flyleaf,34
Linkin Park,Flyleaf,33
Lady Gaga,Florence + the Machine,102
Katy Perry,Florence + the Machine,80
Rihanna,Florence + the Machine,80
Britney Spears,Florence + the Machine,74
Christina Aguilera,Florence + the Machine,68
Madonna,Florence + the Machine,67
Rihanna,Fergie,89
Britney Spears,Fergie,87
Beyonce,Fergie,84
Christina Aguilera,Fergie,83
Lady Gaga,Fergie,80
Katy Perry,Fergie,73
Black Eyed Peas,Fergie,72
Madonna,Fergie,71
Avril Lavigne,Fergie,70
The Pussycat Dolls,Fergie,67
P!nk,Fergie,65
Shakira,Fergie,65
Mariah Carey,Fergie,62
Kylie Minogue,Fergie,60
Ke$ha,Fergie,60
Jennifer Lopez,Fergie,59
Kelly Clarkson,Fergie,58
Gwen Stefani,Fergie,52
Hilary Duff,Fergie,47
Nelly Furtado,Fergie,45
Justin Timberlake,Fergie,44
Miley Cyrus,Fergie,43
Ashley Tisdale,Fergie,41
Ashlee Simpson,Fergie,39
The Beatles,Feist,34
Radiohead,Feist,32
Paramore,Fall Out Boy,84
Panic! At the Disco,Fall Out Boy,70
Avril Lavigne,Fall Out Boy,59
My Chemical Romance,Fall Out Boy,56
Green Day,Fall Out Boy,55
Lady Gaga,Fall Out Boy,55
Radiohead,Explosions in the Sky,36
Sigur Ros,Explosions in the Sky,34
Mogwai,Explosions in the Sky,24
Lady Gaga,Evanescence,124
Britney Spears,Evanescence,123
Paramore,Evanescence,115
Avril Lavigne,Evanescence,113
Katy Perry,Evanescence,106
Rihanna,Evanescence,105
Christina Aguilera,Evanescence,97
Paramore,Escape The Fate,46
Avenged Sevenfold,Escape The Fate,37
A Day to Remember,Escape The Fate,34
My Chemical Romance,Escape The Fate,32
30 Seconds to Mars,Escape The Fate,31
Linkin Park,Escape The Fate,30
Bullet for My Valentine,Escape The Fate,29
Slipknot,Escape The Fate,28
Rihanna,Enrique Iglesias,98
Britney Spears,Enrique Iglesias,97
Lady Gaga,Enrique Iglesias,94
Beyonce,Enrique Iglesias,83
Christina Aguilera,Enrique Iglesias,83
Katy Perry,Enrique Iglesias,83
Shakira,Enrique Iglesias,76
Ke$ha,Enrique Iglesias,72
Avril Lavigne,Enrique Iglesias,70
Madonna,Enrique Iglesias,68
Black Eyed Peas,Enrique Iglesias,67
Jennifer Lopez,Enrique Iglesias,59
Miley Cyrus,Enrique Iglesias,58
P!nk,Enrique Iglesias,55
The Pussycat Dolls,Enrique Iglesias,54
Kylie Minogue,Enrique Iglesias,53
Mariah Carey,Enrique Iglesias,50
Lady Gaga,Eminem,116
Rihanna,Eminem,110
Britney Spears,Eminem,109
Katy Perry,Eminem,108
Ke$ha,Eminem,101
Avril Lavigne,Eminem,88
Christina Aguilera,Eminem,87
Beyonce,Eminem,82
The Beatles,Elvis Presley,58
Radiohead,Elliott Smith,49
The Beatles,Elliott Smith,39
Death Cab for Cutie,Elliott Smith,30
Lady Gaga,Ellie Goulding,53
Katy Perry,Ellie Goulding,49
Rihanna,Ellie Goulding,49
Britney Spears,Ellie Goulding,48
Christina Aguilera,Ellie Goulding,42
Ke$ha,Ellie Goulding,41
Florence + the Machine,Ellie Goulding,40
Kylie Minogue,Ellie Goulding,40
Beyonce,Ellie Goulding,35
Avril Lavigne,Ellie Goulding,33
Lily Allen,Ellie Goulding,31
Miley Cyrus,Ellie Goulding,31
Depeche Mode,Duran Duran,84
The Cure,Duran Duran,54
Pet Shop Boys,Duran Duran,49
a-ha,Duran Duran,48
David Bowie,Duran Duran,46
New Order,Duran Duran,45
Katy Perry,Duffy,54
Britney Spears,Duffy,54
Lady Gaga,Duffy,54
Christina Aguilera,Duffy,53
Rihanna,Duffy,53
Madonna,Duffy,48
Beyonce,Duffy,47
P!nk,Duffy,41
Kylie Minogue,Duffy,40
Shakira,Duffy,40
Lily Allen,Duffy,37
Ke$ha,Duffy,37
Adele,Duffy,36
Avril Lavigne,Duffy,35
Kelly Clarkson,Duffy,34
Iron Maiden,Dream Theater,40
Metallica,Dream Theater,35
Pink Floyd,Dream Theater,33
Opeth,Dream Theater,32
Metallica,Disturbed,32
Linkin Park,Disturbed,31
Slipknot,Disturbed,29
System of a Down,Disturbed,27
Lady Gaga,Dido,35
Britney Spears,Dido,34
Madonna,Dido,32
Christina Aguilera,Dido,30
Beyonce,Dido,29
Katy Perry,Dido,29
Kylie Minogue,Dido,27
Rihanna,Dido,27
P!nk,Dido,24
Kelly Clarkson,Dido,23
Avril Lavigne,Dido,23
Rihanna,Destiny's Child,67
Christina Aguilera,Destiny's Child,66
Beyonce,Destiny's Child,65
Britney Spears,Destiny's Child,65
Lady Gaga,Destiny's Child,64
Madonna,Destiny's Child,59
Mariah Carey,Destiny's Child,54
The Pussycat Dolls,Destiny's Child,53
Jennifer Lopez,Destiny's Child,48
Shakira,Destiny's Child,45
Katy Perry,Destiny's Child,45
Kylie Minogue,Destiny's Child,42
P!nk,Destiny's Child,40
Black Eyed Peas,Destiny's Child,39
Avril Lavigne,Destiny's Child,37
Ciara,Destiny's Child,35
Alicia Keys,Destiny's Child,35
Kelly Clarkson,Destiny's Child,35
The Cure,Depeche Mode,117
Katy Perry,Demi Lovato,103
Miley Cyrus,Demi Lovato,102
Britney Spears,Demi Lovato,98
Avril Lavigne,Demi Lovato,96
Rihanna,Demi Lovato,96
Taylor Swift,Demi Lovato,92
Lady Gaga,Demi Lovato,92
Ke$ha,Demi Lovato,89
Paramore,Demi Lovato,85
Selena Gomez & the Scene,Demi Lovato,82
Ashley Tisdale,Demi Lovato,76
Christina Aguilera,Demi Lovato,75
Glee Cast,Demi Lovato,69
Kelly Clarkson,Demi Lovato,67
Beyonce,Demi Lovato,64
P!nk,Demi Lovato,63
Shakira,Demi Lovato,63
Nine Inch Nails,Deftones,27
Led Zeppelin,Deep Purple,49
Black Sabbath,Deep Purple,47
AC/DC,Deep Purple,46
Pink Floyd,Deep Purple,46
Iron Maiden,Deep Purple,45
Judas Priest,Deep Purple,41
The Beatles,Deep Purple,41
Metallica,Deep Purple,38
Queen,Deep Purple,36
Megadeth,Deep Purple,34
The Doors,Deep Purple,32
Motorhead,Deep Purple,31
Guns N' Roses,Deep Purple,31
Radiohead,Death Cab for Cutie,74
The Killers,Death Cab for Cutie,61
The Beatles,Death Cab for Cutie,61
Muse,Death Cab for Cutie,57
Coldplay,Death Cab for Cutie,56
Lady Gaga,David Guetta,131
Rihanna,David Guetta,123
Britney Spears,David Guetta,117
Katy Perry,David Guetta,111
Beyonce,David Guetta,107
Christina Aguilera,David Guetta,100
Ke$ha,David Guetta,99
Black Eyed Peas,David Guetta,97
Shakira,David Guetta,94
Madonna,David Guetta,88
Avril Lavigne,David Guetta,84
P!nk,David Guetta,80
Kylie Minogue,David Guetta,77
Miley Cyrus,David Guetta,71
The Pussycat Dolls,David Guetta,70
Jennifer Lopez,David Guetta,62
The Beatles,David Bowie,113
Depeche Mode,David Bowie,80
Depeche Mode,Dave Gahan,58
Martin L. Gore,Dave Gahan,36
Muse,Dave Gahan,32
The Cure,Dave Gahan,31
Radiohead,Dave Gahan,28
Placebo,Dave Gahan,24
Britney Spears,Celine Dion,64
Rihanna,Celine Dion,61
Beyonce,Celine Dion,58
Christina Aguilera,Celine Dion,57
Madonna,Celine Dion,57
Lady Gaga,Celine Dion,57
Mariah Carey,Celine Dion,53
Kylie Minogue,Celine Dion,53
Katy Perry,Celine Dion,48
Shakira,Celine Dion,44
Kelly Clarkson,Celine Dion,41
P!nk,Celine Dion,39
Leona Lewis,Celine Dion,37
Ke$ha,Celine Dion,37
Jennifer Lopez,Celine Dion,35
The Pussycat Dolls,Celine Dion,35
Avril Lavigne,Celine Dion,33
Madonna,Cyndi Lauper,43
Britney Spears,Cyndi Lauper,42
Rihanna,Cyndi Lauper,39
Christina Aguilera,Cyndi Lauper,38
Lady Gaga,Cyndi Lauper,37
Beyonce,Cyndi Lauper,36
Kylie Minogue,Cyndi Lauper,34
Katy Perry,Cyndi Lauper,32
Michael Jackson,Cyndi Lauper,31
Ke$ha,Cyndi Lauper,27
Shakira,Cyndi Lauper,26
Avril Lavigne,Cyndi Lauper,26
Black Eyed Peas,Cyndi Lauper,24
P!nk,Cyndi Lauper,24
Radiohead,Crystal Castles,54
The Beatles,Creedence Clearwater Revival,41
Led Zeppelin,Creedence Clearwater Revival,36
The Doors,Creedence Clearwater Revival,34
Pink Floyd,Creedence Clearwater Revival,33
The Rolling Stones,Creedence Clearwater Revival,32
AC/DC,Creedence Clearwater Revival,29
Queen,Creedence Clearwater Revival,27
Muse,Coldplay,160
Radiohead,Coldplay,153
The Killers,Coldplay,148
Britney Spears,Colbie Caillat,55
Lady Gaga,Colbie Caillat,53
Avril Lavigne,Colbie Caillat,50
Katy Perry,Colbie Caillat,50
Rihanna,Colbie Caillat,48
Christina Aguilera,Colbie Caillat,43
Taylor Swift,Colbie Caillat,42
Kelly Clarkson,Colbie Caillat,41
Miley Cyrus,Colbie Caillat,41
P!nk,Colbie Caillat,41
Beyonce,Colbie Caillat,40
Paramore,Colbie Caillat,39
Ke$ha,Colbie Caillat,35
Shakira,Colbie Caillat,32
Madonna,Colbie Caillat,31
Mariah Carey,Colbie Caillat,30
Glee Cast,Colbie Caillat,29
Kylie Minogue,Colbie Caillat,29
Lady Gaga,Cobra Starship,79
Katy Perry,Cobra Starship,74
Britney Spears,Cobra Starship,72
Avril Lavigne,Cobra Starship,69
Paramore,Cobra Starship,66
Rihanna,Cobra Starship,63
Ke$ha,Cobra Starship,62
Christina Aguilera,Cobra Starship,54
Miley Cyrus,Cobra Starship,53
3OH!3,Cobra Starship,51
Glee Cast,Cobra Starship,50
Black Eyed Peas,Cobra Starship,50
Taylor Swift,Cobra Starship,44
Rihanna,Ciara,101
Britney Spears,Ciara,91
Beyonce,Ciara,90
Lady Gaga,Ciara,90
Christina Aguilera,Ciara,85
Katy Perry,Ciara,78
The Pussycat Dolls,Ciara,74
Mariah Carey,Ciara,72
Shakira,Ciara,70
Ke$ha,Ciara,69
Black Eyed Peas,Ciara,68
Jennifer Lopez,Ciara,65
Madonna,Ciara,65
Kylie Minogue,Ciara,64
Avril Lavigne,Ciara,64
P!nk,Ciara,61
Miley Cyrus,Ciara,58
Kelly Clarkson,Ciara,50
Ashley Tisdale,Ciara,48
Leona Lewis,Ciara,44
Britney Spears,Christina Aguilera,360
Rihanna,Christina Aguilera,350
Lady Gaga,Christina Aguilera,345
Katy Perry,Christina Aguilera,316
Beyonce,Christina Aguilera,300
Madonna,Christina Aguilera,267
Ke$ha,Christina Aguilera,256
Avril Lavigne,Christina Aguilera,246
Shakira,Christina Aguilera,244
Kylie Minogue,Christina Aguilera,228
P!nk,Christina Aguilera,228
Black Eyed Peas,Christina Aguilera,215
Miley Cyrus,Christina Aguilera,204
Kelly Clarkson,Christina Aguilera,194
The Pussycat Dolls,Christina Aguilera,193
Mariah Carey,Christina Aguilera,190
Jennifer Lopez,Christina Aguilera,176
Rihanna,Chris Brown,73
Lady Gaga,Chris Brown,68
Beyonce,Chris Brown,61
Britney Spears,Chris Brown,60
Katy Perry,Chris Brown,58
Christina Aguilera,Chris Brown,54
Ke$ha,Chris Brown,53
Black Eyed Peas,Chris Brown,52
Miley Cyrus,Chris Brown,45
Avril Lavigne,Chris Brown,44
Shakira,Chris Brown,43
Usher,Chris Brown,40
Mariah Carey,Chris Brown,40
P!nk,Chris Brown,39
The Pussycat Dolls,Chris Brown,36
David Guetta,Chris Brown,35
Madonna,Chris Brown,35
Justin Bieber,Chris Brown,33
Jennifer Lopez,Chris Brown,33
Eminem,Chris Brown,32
Rihanna,Cheryl Cole,119
Britney Spears,Cheryl Cole,118
Lady Gaga,Cheryl Cole,115
Katy Perry,Cheryl Cole,111
Christina Aguilera,Cheryl Cole,109
Ke$ha,Cheryl Cole,105
Beyonce,Cheryl Cole,100
Shakira,Cheryl Cole,87
Kylie Minogue,Cheryl Cole,83
Madonna,Cheryl Cole,81
Miley Cyrus,Cheryl Cole,77
Avril Lavigne,Cheryl Cole,77
P!nk,Cheryl Cole,75
Black Eyed Peas,Cheryl Cole,73
Jennifer Lopez,Cheryl Cole,69
Mariah Carey,Cheryl Cole,64
Taylor Swift,Cheryl Cole,64
Kelly Clarkson,Cheryl Cole,63
Glee Cast,Cheryl Cole,58
Ashley Tisdale,Cheryl Cole,56
The Pussycat Dolls,Cheryl Cole,55
Leona Lewis,Cheryl Cole,53
Selena Gomez & the Scene,Cheryl Cole,52
Radiohead,Cat Power,37
The Beatles,Cat Power,31
Placebo,Cat Power,24
Britney Spears,Cascada,70
Lady Gaga,Cascada,70
Rihanna,Cascada,69
Katy Perry,Cascada,66
Ke$ha,Cascada,65
Christina Aguilera,Cascada,58
Miley Cyrus,Cascada,56
Avril Lavigne,Cascada,52
P!nk,Cascada,48
Beyonce,Cascada,46
Madonna,Cascada,46
Shakira,Cascada,41
Kelly Clarkson,Cascada,38
Kylie Minogue,Cascada,38
Black Eyed Peas,Cascada,38
Glee Cast,Cascada,37
Selena Gomez & the Scene,Cascada,36
Ashley Tisdale,Cascada,36
Mariah Carey,Cascada,35
Jennifer Lopez,Cascada,34
Taylor Swift,Cascada,34
Britney Spears,Carrie Underwood,65
Lady Gaga,Carrie Underwood,58
Taylor Swift,Carrie Underwood,57
Katy Perry,Carrie Underwood,55
Rihanna,Carrie Underwood,55
Kelly Clarkson,Carrie Underwood,54
Christina Aguilera,Carrie Underwood,52
Miley Cyrus,Carrie Underwood,50
Avril Lavigne,Carrie Underwood,48
Mariah Carey,Carrie Underwood,44
P!nk,Carrie Underwood,43
Ke$ha,Carrie Underwood,42
Beyonce,Carrie Underwood,40
Shakira,Carrie Underwood,36
Madonna,Carrie Underwood,36
Leona Lewis,Carrie Underwood,32
Ashley Tisdale,Carrie Underwood,31
Lady Gaga,Cansei de Ser Sexy,51
Britney Spears,Cansei de Ser Sexy,41
Arctic Monkeys,Cansei de Ser Sexy,38
Katy Perry,Cansei de Ser Sexy,37
The Killers,Cansei de Ser Sexy,36
The Beatles,Cansei de Ser Sexy,35
Lily Allen,Cansei de Ser Sexy,34
Madonna,Cansei de Ser Sexy,33
Paramore,Bullet for My Valentine,43
Avenged Sevenfold,Bullet for My Valentine,37
Linkin Park,Bullet for My Valentine,34
Rihanna,Bruno Mars,65
Katy Perry,Bruno Mars,63
Britney Spears,Bruno Mars,62
Lady Gaga,Bruno Mars,62
Ke$ha,Bruno Mars,57
Christina Aguilera,Bruno Mars,51
Black Eyed Peas,Bruno Mars,49
Beyonce,Bruno Mars,49
Avril Lavigne,Bruno Mars,47
Miley Cyrus,Bruno Mars,46
Shakira,Bruno Mars,44
P!nk,Bruno Mars,41
Glee Cast,Bruno Mars,35
3OH!3,Bruno Mars,32
David Guetta,Bruno Mars,30
Madonna,Bruno Mars,30
Adam Lambert,Bruno Mars,29
Taylor Swift,Bruno Mars,29
Paramore,Bruno Mars,29
Lady Gaga,Britney Spears,436
Rihanna,Britney Spears,413
Katy Perry,Britney Spears,380
Christina Aguilera,Britney Spears,360
Beyonce,Britney Spears,338
Madonna,Britney Spears,310
Ke$ha,Britney Spears,304
Avril Lavigne,Britney Spears,298
Shakira,Britney Spears,270
Miley Cyrus,Britney Spears,255
Kylie Minogue,Britney Spears,249
Black Eyed Peas,Britney Spears,248
P!nk,Britney Spears,241
Kelly Clarkson,Britney Spears,220
The Pussycat Dolls,Britney Spears,213
A Day to Remember,Bring Me The Horizon,38
Paramore,Bring Me The Horizon,36
Linkin Park,Breaking Benjamin,43
Three Days Grace,Breaking Benjamin,39
Paramore,Breaking Benjamin,36
30 Seconds to Mars,Breaking Benjamin,31
Muse,Breaking Benjamin,28
Paramore,Boys Like Girls,63
Avril Lavigne,Boys Like Girls,49
Katy Perry,Boys Like Girls,46
Lady Gaga,Boys Like Girls,42
Miley Cyrus,Boys Like Girls,36
Britney Spears,Boys Like Girls,36
Ke$ha,Boys Like Girls,34
Guns N' Roses,Bon Jovi,42
The Beatles,Bon Jovi,37
Queen,Bon Jovi,35
The Beatles,Bob Dylan,80
Pink Floyd,Bob Dylan,53
Led Zeppelin,Bob Dylan,49
Radiohead,Bob Dylan,48
Aphex Twin,Boards of Canada,28
Britney Spears,BoA,54
Lady Gaga,BoA,54
Rihanna,BoA,52
Christina Aguilera,BoA,46
Katy Perry,BoA,42
Madonna,BoA,39
Beyonce,BoA,38
Ke$ha,BoA,37
Kylie Minogue,BoA,35
Shakira,BoA,31
The Pussycat Dolls,BoA,30
Avril Lavigne,BoA,30
Mariah Carey,BoA,29
Miley Cyrus,BoA,29
P!nk,BoA,29
Jennifer Lopez,BoA,27
Black Eyed Peas,BoA,27
Kelly Clarkson,BoA,26
Radiohead,Blur,77
The Beatles,Blur,70
Muse,Blur,57
Coldplay,Blur,55
Oasis,Blur,52
The Smiths,Blur,46
Radiohead,Bloc Party,50
The Killers,Bloc Party,37
Muse,Bloc Party,37
Arctic Monkeys,Bloc Party,36
Interpol,Bloc Party,34
Iron Maiden,Black Sabbath,81
Led Zeppelin,Black Sabbath,74
Metallica,Black Sabbath,71
AC/DC,Black Sabbath,70
Pink Floyd,Black Sabbath,63
The Beatles,Black Sabbath,57
Judas Priest,Black Sabbath,56
Megadeth,Black Sabbath,55
Lady Gaga,Black Eyed Peas,259
Rihanna,Black Eyed Peas,254
Britney Spears,Black Eyed Peas,248
Katy Perry,Black Eyed Peas,235
Beyonce,Black Eyed Peas,220
Christina Aguilera,Black Eyed Peas,215
Ke$ha,Black Eyed Peas,195
Madonna,Black Eyed Peas,187
Shakira,Black Eyed Peas,186
Avril Lavigne,Black Eyed Peas,175
P!nk,Black Eyed Peas,168
Kylie Minogue,Black Eyed Peas,150
Miley Cyrus,Black Eyed Peas,149
The Pussycat Dolls,Black Eyed Peas,141
Glee Cast,Black Eyed Peas,127
Mariah Carey,Black Eyed Peas,124
Jennifer Lopez,Black Eyed Peas,123
Radiohead,Bjork,81
Rihanna,Beyonce,348
Britney Spears,Beyonce,338
Lady Gaga,Beyonce,338
Christina Aguilera,Beyonce,300
Katy Perry,Beyonce,297
Madonna,Beyonce,262
Avril Lavigne,Beyonce,227
Shakira,Beyonce,224
Ke$ha,Beyonce,224
Black Eyed Peas,Beyonce,220
P!nk,Beyonce,210
Kylie Minogue,Beyonce,207
The Pussycat Dolls,Beyonce,195
Mariah Carey,Beyonce,188
Miley Cyrus,Beyonce,179
Jennifer Lopez,Beyonce,170
Kelly Clarkson,Beyonce,167
The Beatles,Belle and Sebastian,45
Radiohead,Belle and Sebastian,44
The Smiths,Belle and Sebastian,37
Britney Spears,Belinda,61
Lady Gaga,Belinda,57
Rihanna,Belinda,56
Christina Aguilera,Belinda,52
Katy Perry,Belinda,51
Avril Lavigne,Belinda,50
Shakira,Belinda,47
Miley Cyrus,Belinda,45
Ke$ha,Belinda,45
Beyonce,Belinda,43
Madonna,Belinda,37
Taylor Swift,Belinda,35
Black Eyed Peas,Belinda,35
P!nk,Belinda,35
Ashley Tisdale,Belinda,34
Selena Gomez & the Scene,Belinda,33
Kylie Minogue,Belinda,33
Paramore,Belinda,33
Anahi,Belinda,32
Hilary Duff,Belinda,32
Jennifer Lopez,Belinda,32
Glee Cast,Belinda,32
The Pussycat Dolls,Belinda,29
Radiohead,Beirut,43
The Beatles,Beirut,39
Radiohead,Beck,58
The Beatles,Beck,46
Bjork,Bat for Lashes,26
Lady Gaga,Bat for Lashes,24
Radiohead,Bat for Lashes,23
Britney Spears,Backstreet Boys,79
Lady Gaga,Backstreet Boys,75
Rihanna,Backstreet Boys,68
Madonna,Backstreet Boys,62
Beyonce,Backstreet Boys,58
Avril Lavigne,Backstreet Boys,58
Christina Aguilera,Backstreet Boys,57
Katy Perry,Backstreet Boys,57
Shakira,Backstreet Boys,46
Mariah Carey,Backstreet Boys,45
The Pussycat Dolls,Backstreet Boys,43
Ke$ha,Backstreet Boys,43
Black Eyed Peas,Backstreet Boys,40
P!nk,Backstreet Boys,40
Miley Cyrus,Backstreet Boys,38
Ke$ha,B.o.B,50
Rihanna,B.o.B,44
Katy Perry,B.o.B,43
Lady Gaga,B.o.B,42
Britney Spears,B.o.B,40
Eminem,B.o.B,37
Black Eyed Peas,B.o.B,35
Avril Lavigne,B.o.B,35
Miley Cyrus,B.o.B,34
Paramore,B.o.B,34
Beyonce,B.o.B,33
Christina Aguilera,B.o.B,30
P!nk,B.o.B,29
Taylor Swift,B.o.B,26
3OH!3,B.o.B,25
Shakira,B.o.B,25
Lady Gaga,Avril Lavigne,299
Katy Perry,Avril Lavigne,298
Britney Spears,Avril Lavigne,298
Rihanna,Avril Lavigne,283
Christina Aguilera,Avril Lavigne,246
Ke$ha,Avril Lavigne,236
Beyonce,Avril Lavigne,227
Paramore,Avril Lavigne,218
Miley Cyrus,Avril Lavigne,209
P!nk,Avril Lavigne,200
Shakira,Avril Lavigne,195
Madonna,Avril Lavigne,192
Kelly Clarkson,Avril Lavigne,176
Taylor Swift,Avril Lavigne,175
Black Eyed Peas,Avril Lavigne,175
Paramore,Avenged Sevenfold,63
Britney Spears,Ashley Tisdale,164
Rihanna,Ashley Tisdale,159
Lady Gaga,Ashley Tisdale,156
Katy Perry,Ashley Tisdale,153
Avril Lavigne,Ashley Tisdale,150
Christina Aguilera,Ashley Tisdale,144
Miley Cyrus,Ashley Tisdale,141
Ke$ha,Ashley Tisdale,139
Beyonce,Ashley Tisdale,133
Shakira,Ashley Tisdale,110
Kelly Clarkson,Ashley Tisdale,105
The Pussycat Dolls,Ashley Tisdale,102
Madonna,Ashley Tisdale,102
Hilary Duff,Ashley Tisdale,100
Taylor Swift,Ashley Tisdale,100
P!nk,Ashley Tisdale,100
Paramore,Ashley Tisdale,97
Black Eyed Peas,Ashley Tisdale,93
Jennifer Lopez,Ashley Tisdale,89
Mariah Carey,Ashley Tisdale,87
Kylie Minogue,Ashley Tisdale,86
Selena Gomez & the Scene,Ashley Tisdale,84
Glee Cast,Ashley Tisdale,81
Demi Lovato,Ashley Tisdale,76
Britney Spears,Ashlee Simpson,112
Lady Gaga,Ashlee Simpson,103
Avril Lavigne,Ashlee Simpson,100
Rihanna,Ashlee Simpson,100
Christina Aguilera,Ashlee Simpson,98
Katy Perry,Ashlee Simpson,92
Kelly Clarkson,Ashlee Simpson,83
Madonna,Ashlee Simpson,83
Beyonce,Ashlee Simpson,81
Ke$ha,Ashlee Simpson,79
Shakira,Ashlee Simpson,77
Miley Cyrus,Ashlee Simpson,76
Kylie Minogue,Ashlee Simpson,72
P!nk,Ashlee Simpson,72
Hilary Duff,Ashlee Simpson,65
Jennifer Lopez,Ashlee Simpson,65
The Pussycat Dolls,Ashlee Simpson,65
Mariah Carey,Ashlee Simpson,65
Ashley Tisdale,Ashlee Simpson,64
Black Eyed Peas,Ashlee Simpson,61
Taylor Swift,Ashlee Simpson,59
Paramore,Ashlee Simpson,57
Lindsay Lohan,Ashlee Simpson,53
The Beatles,Arctic Monkeys,140
Muse,Arctic Monkeys,126
The Strokes,Arctic Monkeys,120
The Killers,Arctic Monkeys,120
Radiohead,Arctic Monkeys,119
Radiohead,Arcade Fire,84
The Beatles,Arcade Fire,61
The Killers,Arcade Fire,53
Radiohead,Aphex Twin,31
Boards of Canada,Aphex Twin,28
Britney Spears,Anahi,65
Katy Perry,Anahi,62
Rihanna,Anahi,62
Lady Gaga,Anahi,61
Ke$ha,Anahi,55
Christina Aguilera,Anahi,55
Miley Cyrus,Anahi,54
Avril Lavigne,Anahi,54
Shakira,Anahi,51
Beyonce,Anahi,51
Black Eyed Peas,Anahi,45
Glee Cast,Anahi,41
RBD,Anahi,40
P!nk,Anahi,40
Madonna,Anahi,40
Selena Gomez & the Scene,Anahi,35
Taylor Swift,Anahi,35
Paramore,Anahi,35
Ashley Tisdale,Anahi,34
Belinda,Anahi,32
Adam Lambert,Anahi,32
The Pussycat Dolls,Anahi,32
Kylie Minogue,Anahi,31
Jennifer Lopez,Anahi,30
Mariah Carey,Anahi,29
Nicole Scherzinger,Anahi,27
Lady Gaga,Amy Winehouse,124
Britney Spears,Amy Winehouse,112
Rihanna,Amy Winehouse,103
Madonna,Amy Winehouse,96
Katy Perry,Amy Winehouse,96
Beyonce,Amy Winehouse,94
Christina Aguilera,Amy Winehouse,94
Kylie Minogue,Amy Winehouse,83
Avril Lavigne,Amy Winehouse,81
Lily Allen,Amy Winehouse,79
Paramore,All Time Low,57
Avril Lavigne,All Time Low,38
Katy Perry,All Time Low,37
Green Day,All Time Low,35
Lady Gaga,All Time Low,33
3OH!3,All Time Low,31
My Chemical Romance,All Time Low,31
Ke$ha,All Time Low,31
Rihanna,Alicia Keys,126
Christina Aguilera,Alicia Keys,118
Lady Gaga,Alicia Keys,117
Beyonce,Alicia Keys,115
Britney Spears,Alicia Keys,114
Madonna,Alicia Keys,98
Katy Perry,Alicia Keys,97
Mariah Carey,Alicia Keys,94
P!nk,Alicia Keys,90
Shakira,Alicia Keys,89
Black Eyed Peas,Alicia Keys,78
Kelly Clarkson,Alicia Keys,74
Kylie Minogue,Alicia Keys,74
Ke$ha,Alicia Keys,74
Avril Lavigne,Alicia Keys,74
Jennifer Lopez,Alicia Keys,71
Leona Lewis,Alicia Keys,70
The Pussycat Dolls,Alicia Keys,67
Nirvana,Alice in Chains,46
Pearl Jam,Alice in Chains,41
Metallica,Alice in Chains,37
Madonna,Alanis Morissette,70
Britney Spears,Alanis Morissette,69
Lady Gaga,Alanis Morissette,66
Christina Aguilera,Alanis Morissette,63
Rihanna,Alanis Morissette,62
Katy Perry,Alanis Morissette,58
Avril Lavigne,Alanis Morissette,53
Radiohead,Air,44
Portishead,Air,32
Coldplay,Air,31
Massive Attack,Air,30
AC/DC,Aerosmith,48
Guns N' Roses,Aerosmith,47
The Beatles,Aerosmith,44
Queen,Aerosmith,40
Red Hot Chili Peppers,Aerosmith,39
Led Zeppelin,Aerosmith,38
Rihanna,Adele,90
Britney Spears,Adele,88
Lady Gaga,Adele,88
Katy Perry,Adele,87
Christina Aguilera,Adele,84
Beyonce,Adele,68
Madonna,Adele,63
P!nk,Adele,59
Ke$ha,Adele,59
Kylie Minogue,Adele,58
Glee Cast,Adele,55
Shakira,Adele,55
Avril Lavigne,Adele,55
Kelly Clarkson,Adele,51
Lady Gaga,Adam Lambert,128
Britney Spears,Adam Lambert,126
Rihanna,Adam Lambert,122
Ke$ha,Adam Lambert,121
Katy Perry,Adam Lambert,118
Christina Aguilera,Adam Lambert,111
Avril Lavigne,Adam Lambert,101
Beyonce,Adam Lambert,95
Miley Cyrus,Adam Lambert,94
Shakira,Adam Lambert,83
Madonna,Adam Lambert,82
Black Eyed Peas,Adam Lambert,80
P!nk,Adam Lambert,78
Glee Cast,Adam Lambert,71
Paramore,Adam Lambert,68
Taylor Swift,Adam Lambert,67
Kylie Minogue,Adam Lambert,65
Ashley Tisdale,Adam Lambert,63
Kelly Clarkson,Adam Lambert,62
Led Zeppelin,AC/DC,94
The Beatles,AC/DC,92
Metallica,AC/DC,91
Pink Floyd,AC/DC,80
Guns N' Roses,AC/DC,79
Iron Maiden,AC/DC,78
Madonna,ABBA,43
Britney Spears,ABBA,31
Lady Gaga,ABBA,30
Radiohead,A Perfect Circle,35
Muse,A Perfect Circle,33
Tool,A Perfect Circle,29
Nine Inch Nails,A Perfect Circle,28
Paramore,A Day to Remember,42
Bring Me The Horizon,A Day to Remember,38
Escape The Fate,A Day to Remember,34
blink-182,A Day to Remember,31
Lady Gaga,3OH!3,124
Katy Perry,3OH!3,118
Ke$ha,3OH!3,113
Britney Spears,3OH!3,112
Avril Lavigne,3OH!3,104
Rihanna,3OH!3,104
Paramore,3OH!3,99
Christina Aguilera,3OH!3,92
Miley Cyrus,3OH!3,86
Black Eyed Peas,3OH!3,77
Glee Cast,3OH!3,76
Beyonce,3OH!3,75
Shakira,3OH!3,72
Taylor Swift,3OH!3,71
P!nk,3OH!3,71
Paramore,30 Seconds to Mars,120
Lady Gaga,30 Seconds to Mars,99
Linkin Park,30 Seconds to Mars,96
Muse,30 Seconds to Mars,96
Katy Perry,30 Seconds to Mars,88
